word	syllables	flags	context
กษัตริย์	กะ-สัด	sound mismatch @1 (กษัต vs กะ)	วงศ์พงศ์กษัตริย์โองการตรัส
ลังกา	ลัง-กา		ม้นกูได้ลังกาจะผ่าอกเอา
บาทหลวง	บาด-หลวง		บาทหลวงงกตกประหม่
กำปั่น	กำ-ปั่น		ดูคนในลำกำปั่นถูกควันง่ว
พระองค์	พระ-อง		นบุรีสามพระองค์ทรงพระยาอา
พหล	พะ-หน		บเร่งพวกพหลพลนิกายไปห
เข้าไป	เข้า-ไป		้างฝาจึงเข้าไปไต่ถามตามส
มิได้	มิ-ได้		่างกระไรมิได้คิดช่างมืด
พารา	พา-รา		พลไพร่ในพาราเที่ยวตักว
สาคร	สา-คร		่าตาลสุดสาครหัสไชยตื่น
โยธา	โย-ทา		พวกพหลพลโยธาเพราะมันมา
อาจารย์	อา-จาน		นต์กูผู้อาจารย์¦เล่นอ้ายพ
ทั้งสอง	ทั้ง-สอง		ูกไพร่พลทั้งสองฝ่ายตายเป็
กระบวน	กระ-บวน		อหาใส่ในกระบวน¦แล้วหยิบธ
บรรดา	บัน-ดา		ยไพร่แต่บรรดาพวกมาเรือแ
สงสาร	สง-สาน		กราบกรานสงสารแม่ให้ท้อแ
บุรี	บุ-รี		กด่านชานบุรี¦เชิญท่านค
อย่างไร	หร่าง-ไร		งผางเป็นอย่างไรเสียน้ำใจแ
จัดแจง	จัด-แจง		นได้ช่องจัดแจงกล้องเป่าย
ข้าศึก	ข้า-สึก		นที่ในกลข้าศึกมันตรึกตรอ
เวลา	เว-ลา		ฝ่ายหน้าเวลาจวนตั้งกระ
สำหรับ	สำ-หรับ		ไว้ชอบกลสำหรับคนล้างตัวท
สำราญ	สำ-ราน		ากุฎีที่สำราญ¦ทั้งลูกหล
สุวรรณ	สุ-วัน		ถลงไขศรีสุวรรณนิ่งอึ้งตะ
มาถึง	มา-ถึง		ีลาเสด็จมาถึงสถานชานบุร
อารมณ์	อา-รม		จเสร็จสมอารมณ์นึกแล้วตรอ
รักษา	รัก-ษา		่าอาจหาญรักษาตัวไว้ให้ม
เข้ามา	เข้า-มา		งฝาหรั่งเข้ามานั่งพร้อมห
ขุนนาง	ขุน-นาง		่หม่นมัวขุนนางรับจับจอกก
เชษฐา	เชด-ถา		าระหงว่าเชษฐาออกประจญรณ
ประเทศ	ประ-เทด		่าในเกาะประเทศเขตลังกาอย
บังคม	บัง-คม		ทรงธรรม์บังคมคัลเชิญเสด
รับสั่ง	รับ-สั่ง		๊ะจ๋าฟังรับสั่งปิ่นเกล้าพ
อาลัย	อา-ไล		อนพระทัยอาลัยหลงพ่อดับส
ที่นั่ง	ที่-นั่ง		รสาณฑ์รถที่นั่งสามพระองค์
หนักหนา	หนัก-หนา		นี้ฟังมาหนักหนาหนอเร่งบอก
กำลัง	กำ-ลัง		ขวาเหลือกำลังพวกพหลพลโย
สิงขร	สิง-ขอน		งดังฝั่งสิงขรคอยฝนหายจะ
โฉมยง	โฉม-ยง		ยพหลส่วนโฉมยงนงเยาว์เสา
กองทัพ	กอง-ทับ		าเพ่อเอากองทัพถอยกลับไปส
สงสัย	สง-ไส		ุรงค์มันสงสัยเองจงไปฟัง
สมทบ	สม-ทบ		ไปรบช่วยสมทบรบพุ่งยุ่ง
คำนับ	คำ-นับ		ก็ชวนกันคำนับรับสัพพีตา
บิดา	บิ-ดา		วารีด้วยบิดามารดรสมรม้
พี่เลี้ยง	พี่-เลี้ยง		นน้ำนวล¦พี่เลี้ยงเล่าชี้แจง
เสนี	เส-นี		งสั่งพวกเสนีมีปรีชาให้
ธานี	ทา-นี		หนีมาจากธานี¦พวกคนใช้ฝ
ธิดา	ทิ-ดา		กวันชายาธิดาด้วยพ่อจงช
ประสงค์	ประ-สง		งของต้องประสงค์แล้วให้เรี
อาวุธ	อา-วุด		อเครื่องอาวุธอย่างบังคั
พี่น้อง	พี่-น้อง		ัยถึงโรคพี่น้องเล่าก็เข้า
นิเวศน์	นิ-เวด		ยลอยไปในนิเวศน์ถิ่นประเทค
ประคอง	ประ-คอง		หลังนั่งประคอง¦เห็นหลานร
บัลลังก์	บัน-ลัง		กราดเรือบัลลังก์ที่นั่งโถง
สำเร็จ	สำ-เหร็ด		รลงครั้นสำเร็จเสร็จสมอาร
แก้ไข	แก้-ไข		นดูแลได้แก้ไขเองจะช่วยค
ขัดขวาง	ขัด-ขวาง		่นลัดยังขัดขวางจะดูเข็มเต
พูดจา	พูด-จา		งอย่าได้พูดจาภาษาไทยจงเ
ไต่ถาม	ต่าย-ถาม	sound mismatch @1 (ไต่ vs ต่าย)	ึงเข้าไปไต่ถามตามสงกาเจ้
สำเนียง	สำ-เนียง		ดกันเป็นสำเนียงเสียงชวาที
กรุงศรี	กรุง-สี		ำรุงซึ่งกรุงศรีให้ชนะศัตร
บุรินทร์	บุ-ริน		นด่านชานบุรินทร์เห็นคนสิ้น
ปรึกษา	ปรึก-ษา		็นได้การปรึกษาท้าวโกสัยเ
ทั้งหลาย	ทั้ง-หลาย		้งกำปั่นทั้งหลายพลัดกระจัด
ปราศรัย	ปรา-ไส		หน้าแล้วปราศรัยเองจงสั่งพ
มเหสี	มะ-เห-สี		องตระกูลมเหสีสี่นางสำอา
พระทัย	พระ-ไท		ึงตะไลตกพระทัยเพียงจะดิ้
ที่จะ	ที่-จะ		กับยาเมาที่จะเป่าทั่วทุ
รบพุ่ง	รบ-พุ่ง		ช่วยสมทบรบพุ่งยุ่งนักหนา
ผ่อนผัน	ผ่อน-ผัน		นร้อนคิดผ่อนผันพวกคนใช้ผู
ไพร่พล	ไพร่-พน		ทุกคนให้ไพร่พลเตรียมตัวท
พร้อมกัน	พร้อม-กัน		ากันเป่าพร้อมกันเข้าหลายคั
ออกมา	ออก-มา		บอาสารีบออกมาแต่งตัวแล้
แล้วก็	แล้ว-ก็		หลังคาสีแล้วก็ชวนกันคำนั
กระจ่าง	กระ-จ่าง		ว่าไปให้กระจ่างในทางความ¦
วิสัย	วิ-ไส		นดีเหลือวิสัยเสือไว้ลาย
ประณต	ประ-นด		ไลล่วงไปประณตบทศรีทูลแถ
สะอื้น	สะ-อื้น		ุดกลืนซบสะอื้นอาวรณ์ร้อน
ประตู	ประ-ตู		้างหว่างประตูพร้อมทุกหม
วิชา	วิ-ชา		ต์ดลคาถาวิชาขลังเป็นน้
ผู้หญิง	ผู้-หญิง		ยวเกี้ยวผู้หญิงดูหน้าตาสา
ตำรา	ตำ-รา		องจิตผิดตำราอ้ายมังคลา
ทะเล	ทะ-เล		างค์กลางทะเลกำปั่นรบเร
มิใช่	มิ-ใช่		่ได้ด้วยมิใช่ปู่เจ้าเขา
ภาษา	พา-สา		ได้พูดจาภาษาไทยจงเข้าไ
หนังสือ	หนัง-สือ		ช้ผู้ถือหนังสือพลันก็ชวนก
สิงหล	สิง-หน		นเจ้าชาวสิงหลมึงอย่าได้
ยินดี	ยิน-ดี		หลวงเห็นยินดีเป็นที่ยิ่
ด้วยกัน	ด้วย-กัน		ับกูอยู่ด้วยกัน¦จะกล่าวฝ่
ปราสาท	ปรา-สาด		ราราชจากปราสาทที่นั่งบัล
พร้อมพรั่ง	พร้อม-พรั่ง		นอำมาตย์พร้อมพรั่งทั้งพหลพอส
จังหวัด	จัง-หวัด		่นพิภพจบจังหวัดโองการตรัส
กุมาร	กุ-มาน		สงสารสอนกุมารสารพัดไม่ข
เห็นจะ	เห็น-จะ		กามหาศาลเห็นจะตั้งยืนยงค
กระไร	กระ-ไร		ก่อนช่างกระไรมิได้คิดช่
ชำนาญ	ชำ-นาน		มโหรีที่ชำนาญบรรเลงลานซ
โอรส	โอ-รด		์สามองค์โอรสากับไทท้าว
ทำนอง	ทำ-นอง		้ความตามทำนองมันตรึกตรอ
ออกจาก	ออก-จาก		ัวพองไม่ออกจากรถฝรั่งนั่
คงคา	คง-คา		งโรยลงในคงคาเจ้าแผ่นดิ
ระวัง	ระ-วัง		่ยับยั้งระวังภัยเราจะไป
นักหนา	นัก-หนา		ยหลากมากนักหนาแล้วสุมให้
เวหา	เว-หา		างค์เมฆาเวหาหนถูกทหารล
ละออง	ละ-ออง		นาข้าทูลละอองบาทพอภาณุม
ไพรี	ไพ-รี		ะไทยเป็นไพรี¦พลางเข้าใ
บรรลัย	บัน-ลัย		เรฆ่าให้บรรลัยลาญ¦แล้วเร
ต้นหน	ต้น-หน		ามเรื่องต้นหนหลังอย่างท
สัญญา	สัน-ยา		ามกันดังสัญญาอย่าให้ช้า
อุรา	อุ-รา		ารพัดอัดอุราพระอนุชาแน
ปัญญา	ปัน-ยา		้ใช่ฝนจนปัญญาไยจึงมาตกพ
ประทับ	ประ-ทับ		ชิญเสด็จประทับด่านชานนคร
อาวรณ์	อา-วอน		่หยุดสุดอาวรณ์จะทำการไม่
นารี	นา-รี		กล่าวถึงนารีหลวงชีสองอ
สงคราม	สง-คราม		ศัตรูสู้สงครามทั้งขวากหน
อัชฌาสัย	อัด-ชา-ไส		้ามังคลาอัชฌาสัยเธอโอบอ้อม
ละเวง	ละ-เวง		อยหรืออีละเวงข่มเหงเล่น
เดี๋ยวนี้	เดี๋ยว-นี้		ปลา¦แล้วเดี๋ยวนี้ฝนฟ้าก็สาห
ปากน้ำ	ปาก-น้ำ		่านเมืองปากน้ำแต่หัวค่ำเ
อำมาตย์	อำ-หมาด		ระกาศขุนอำมาตย์พร้อมพรั่ง
กำแพง	กำ-แพง		เทินเนินกำแพง¦ถูกตึกกร้
มัจฉา	มัด-ฉา		ฝูงสัตว์มัจฉาในวารินบ้า
คิดอ่าน	คิด-อ่าน		องจะช่วยคิดอ่านสถานใดจงว่
สำคัญ	สำ-คัน		ากน้ำที่สำคัญ¦ฝ่ายเสนาฝ
กำกับ	กำ-กับ		รั่งนั่งกำกับเป็นแม่ทัพ
อาสัญ	อา-สัน		พระยาที่อาสัญจะมาสิงอยู
มารดา	มาน-ดา		่ผีเสื้อมารดาเจ้ามาวิ่ง
พลับพลา	พลับ-พลา		ข้าไปที่พลับพลาแล้วจาบัลย
รำคาญ	รำ-คาน		บแท่นแสนรำคาญมาดูหลานวา
หรรษา	หัน-สา		พลันด้วยหรรษาอาก็สิ้นคว
เป็นที่	เป็น-ที่		ห็นยินดีเป็นที่ยิ่งคงสมสิ
มาหา	มา-หา		เสร็จรีบมาหาบาทหลวงเห็
มาลี	มา-ลี		งวัณฬาสุมาลีหลวงชีสองเ
นัดดา	นัด-ดา		ไปบอกราชนัดดาในป่าระหงว
ราตรี	รา-ตรี		ำสนธยาในราตรีแกเปรมปรีด
ประทาน	ประ-ทาน		่นบานรับประทานผ่อนผันด้ว
พระยา	พระ-ยา		ึ่งจะว่าพระยาเอกควรจะเส
ระดม	ระ-ดม		หล่าทหารระดมยิงพร้อมกั
วายุ	วา-ยุ		มาดูหลานวายุพัฒน์ยิ่งอ
สุดา	สุ-ดา		กอุราถึงสุดาดวงเดือนเพ
หวั่นไหว	หวั่ว-ไหว	sound mismatch @1 (หวั่น vs หวั่ว)	กันเสียงหวั่นไหวฝ่ายพระจอม
ขึ้นไป	ขึ้น-ไป		สามสิทธาขึ้นไปนั่งยังพระ
รู้จัก	รู้-จัก		ถามซักก็รู้จักพูดจาต่างป
ดำรง	ดำ-รง		้งสองจึงดำรงคงชีวัง¦นี
ช่วยกัน	ช่วย-กัน		ุ่นฉาวจงช่วยกันแว่นแคว้นท
ราหู	รา-หู		ร้ายอยู่ราหูทับต้องตำร
พฤฒา	พรึด-ทา		พวกเสวกาพฤฒามาตย์ไปบอก
ว่าขาน	ว่า-ขาน		่ายาแล้วว่าขานแต่ทัพเรือ
จำรัส	จำ-หรัด		แผ้วแจ่มจำรัสรัศมีครั้น
ประโลม	ประ-โลม		อย่างทางประโลมแกจึงว่าสา
ยับยั้ง	ยับ-ยั้ง		ตั้งมั่นยับยั้งคอยฟังเขาแ
ไปหา	ไป-หา		ลพลนิกายไปหาดทรายเต็มก
ประจำ	ประ-จำ		าญทางน้ำประจำคน¦แกสั่งเ
คิดถึง	คิด-ถึง		ดการแล้วคิดถึงจึ่งจะมา¦พ
อุตส่าห์	อุด-ส่า		ีศักดาจงอุตส่าห์เคี่ยวขับค
ข้างใน	ข้าง-ไน		ำหรับรับข้างใน¦จะกล่าวฝ่
ทุกสิ่ง	ทุก-สิ่ง		ผยอหยิ่งทุกสิ่งสรรพ์กูสอน
นรินทร์	นะ-ริน		ค์ทรงศิลนรินทร์รัชโองการต
ป้องกัน	ป้อง-กัน		หันเหคอยป้องกันอันตรายคิด
คลาไคล	คลา-ไคล		ับม้ารีบคลาไคลตามออกไปถึ
ตรึกตรอง	ตรึก-ตรอง		รเผอิญกูตรึกตรองเห็นช่องแล
ฤทัย	รึ-ไท		น้อยกลอยฤทัยยังมิได้เห
ปรีชา	ปรี-ชา		วกเสนีมีปรีชาให้เอายาแก
ชีวา	ชี-วา		่งจะสิ้นชีวาวันพลางรำพ
คงจะ	คง-จะ		ัยไม่ชนะคงจะแพ้เป็นเที
ตำแหน่ง	ตำ-แหน่ง		่รู้แห่งตำแหน่งนามแล้วว่า
จวน	จ-วน		หน้าเวลาจวนตั้งกระบวน
ดีใจ	ดี-ใจ		าทหลวงแกดีใจพลางไต่ถาม
ผู้ใด	พู่-ได		ว่ามิให้ผู้ใดแจ้งผีมาแก
ประดัง	ประ-ดัง		งตรงมาดาประดัง¦บาทหลวงเร
บำรุง	บำ-รุง		็งเคยได้บำรุงซึ่งกรุงไก
ผู้คน	พู่-คน		นอยู่ทุกผู้คน¦อ้ายพวกผี
สั่งสอน	สั่ง-สอน		ขี้ถังมาสั่งสอนจำพวกไหนอด
ประการ	ประ-กาน		หมายหลายประการทุกเรือนบ้
วันนี้	วัน-นี้		อมกันค่ำวันนี้มีฤกษ์จะยก
ผ่องใส	ผ่อง-ใส		กครองให้ผ่องใสจงรักกันโอ
ขัดสน	ขัด-สน		ารพัดไม่ขัดสนคิดจะตั้งต
เสร็จสรรพ	เส็ด-สับ		คลอดแล้วเสร็จสรรพจะกลับมาอย
อุบาย	อุ-บาย		ตายเพราะอุบายกูแน่ไม่แพ
ราญรอน	ราน-รอน		ฮึกหาญจะราญรอน¦ฝ่ายพระจอ
ศิลา	สิ-ลา		าก้อนหินศิลาลงมาขว้างโ
พวกพ้อง	พวก-พ้อง		ข้องทั้งพวกพ้องคนชิดทั้งศ
ครั้งนี้	ครั้ง-นี้		างไป¦แต่ครั้งนี้สารพัดจะขั
ดังใจ	ดัง-ใจ		้อนรีบไปดังใจจง¦ฝ่ายบาท
น้ำตา	น้ำ-ตา		่ำแต่ถูกน้ำตายกระจุยเป็
ทั้งปวง	ทั้ง-ปวง		รัดสัตว์ทั้งปวงจึงสละละสม
วุ่นวาย	วุ่น-วาย		เศร้าทรงวุ่นวายหลายสถานคร
หยุดยั้ง	หยุด-ยั้ง		่นั่งไม่หยุดยั้งพ้นป่าพนาห
โยคี	โย-คี		ิศโรท่านโยคีเห็นมุนีมา
ปืนใหญ่	ปืน-ไหย่		ปใส่ทั้งปืนใหญ่จุกทางข้าง
มุนี	มุ-นี		านั้นพระมุนีฤๅษีสิทธิ์
สำอาง	สำ-อาง		สีสี่นางสำอางพักตร์ทั้ง
เมืองด่าน	เมือง-ด่าน		้คอยปล้นเมืองด่านชานบุรินทร
ประสาน	ประ-สาน		ื่อยร้องประสานซ้องก้องดง
ลงมา	ลง-มา		นหินศิลาลงมาขว้างโดยนภ
ชีวิต	ชี-วิด		งร่วมจิตชีวิตเดียว¦แกจั
ประโคม	ประ-โคม		งโพยมมันประโคมเป่าลงเป็น
ไสยา	ไส-ยา		สไชยตื่นไสยาสน์พร้อมอำ
ชีวัน	ชี-วัน		ส่งลงบาญชีวันพรุ่งนี้เก
เป็นการ	เป็น-กาน		ีด่านนครเป็นการร้อนรีบไปด
ยิงปืน	ยิง-ปืน		รบสมทบพลยิงปืนตับคาบชุดอ
พรุ่งนี้	พรุ่ง-นี้		ู่นี่ต่อพรุ่งนี้จึ่งมาที่อ
นายด่าน	นาย-ด่าน		ล่าวฝ่ายนายด่านเมืองปากน้
แลเห็น	แล-เห็น		ุ้งแควพอแลเห็นถึงชะวากปา
น่าสงสาร	น่า-สง-สาน		ีจะมีไหนน่าสงสารวานอย่าว่า
ถิ่นฐาน	ถิ่น-ถาน		าบกินทุกถิ่นฐานในเจ็ดวันม
ปรากฏ	ปรา-กด		เสาวรสจงปรากฏเถิดอุบลอย
ดาบส	ดา-บด		้งสองนางดาบสรับพจนารถร
เรื่องราว	เรื่อง-ราว		ีข่าวฟังเรื่องราวเป็นอย่างไ
อาศัย	อา-ไส		ึ่งมาที่อาศัยพวกที่อยู่
อักษร	อัก-สอน		ิญพานสารอักษรพวกขุนด่าน
ข้าเฝ้า	ข้า-เฝ้า		ถึงถิ่นเข้าเฝ้าพระเจ้าอา¦
ให้หา	ให้-หา		กระบอกหูให้หาวนอนอ่อนเห
อาชา	อา-ชา		ุรงค์ทรงอาชา¦บาทหลวงขึ
ท่วงที	ท่วง-ที		้ายนี่ดูท่วงทีจะพะวงเห็น
ราวี	รา-วี		หน้าเข้าราวีเร่งให้ตีก
บ้านเมือง	บ้าน-เมือง		จะกลับไปบ้านเมืองเพราะเคือง
โองการ	โอง-กาน		กษัตริย์โองการตรัสเศร้าส
สังเกต	สัง-เกด		วิเวกจิตสังเกตทิศมืดมัวท
ลงเรือ	ลง-เรือ		ฝ่ายทหารลงเรือช่วงครรไลล
เจ้านาย	เจ้า-นาย		ยให้สบายเจ้านายเรา¦จะกล่า
ฝ่าฝืน	ฝ่า-ฝืน		กทิวาไม่ฝ่าฝืนแต่บรรดาอย
ไหนจะ	ไหน-จะ		อามันไว้ไหนจะอยู่ด้วยคน
เรียงราย	เรียง-ราย		ค่ายต่างเรียงรายเข้าประมูล
ชาวเมือง	ชาว-เมือง		ายกองพวกชาวเมืองเห็นประหลา
ประจักษ์	ประ-จัก		่ตระหนักประจักษ์ใจจึงทูลไท
สำเภา	สำ-เพา		นเล่าเอาสำเภาเภตรามาหรื
เมตตา	เมด-ตา		บไอศูรย์เมตตาติดตัวไว้ใ
เสียที	เสีย-ที		มสันต์มิเสียทีที่เป็นปรา
ทั้งนั้น	ทั้ง-นั้น		อนสั่งคนทั้งนั้นเป็นนิรันด
วงศ์วาน	วง-วาน		คนทรงให้วงศ์วานมันแจ้งการ
ตำบล	ตำ-บน		้งอยู่หนตำบลใด¦สามพระอ
สิบห้า	สิบ-ห้า		พ์แล่นมาสิบห้าวันไม่พบฝั
ที่ไหน	ที่-ไหน		ากันไปคนที่ไหนไม่พะวงคิด
พรั่งพร้อม	พรั่ง-พร้อม		ลฝรั่งสะพรั่งพร้อมเข้าแวดล้อ
นับถือ	นับ-ถือ		วรจะต้องนับถือไว้ชื่อเสี
ลำบาก	ลำ-บาก		ผันแปรก็ลำบากยากใจหายแก
ได้มา	ได้-มา		ู้ใดจึ่งได้มา¦นี่เองมาอ
เสียดาย	เสีย-ดาย		นิจจาน่าเสียดายแกฟูมฟายชล
กลางคืน	กลาง-คืน		ให้พังในกลางคืนระดมปืนใหญ
พระเจ้า	พระ-เจ้า		เข้าเฝ้าพระเจ้าอา¦ป่างพระ
กันแสง	กัน-แสง		ดังพิษฝีกันแสงพลางทางโศก
ผันผาย	ผัน-ผาย		ัยหายรีบผันผายกลับหลังอย
แจ้งความ	แจ้ง-ความ		ำแสดงให้แจ้งความข้าแล่นข้า
ยุพา	ยุ-พา		การมารยายุพาพินไม่สุดส
ประจัญ	ประ-จัน		พร้อมกันประจัญบานมันเอาข
ฤกษ์ดี	เริก-ดี		อง¦ครั้นฤกษ์ดีตีกลองร้อง
ประนม	ประ-นม		ยกราบก้มประนมสนองไม่ขัด
ติดตาม	ติด-ตาม		ยายามคิดติดตามภูไนยให้ได
ชื่นชม	ชื่น-ชม		งน้อมเกศชื่นชมสมถวิลแล้ว
บรรทม	บัน-ทม		ก่ขันนางบรรทมฝันว่าได้ไ
ให้ได้	ให้-ได้		รดมึงเอาให้ได้ชั้นฟ้าสุธ
พงศา	พง-สา		วงศ์เผ่าพงศาไม่ได้ข่าว
กระจาย	กระ-จาย		ัดกระจัดกระจาย¦ฝ่ายต้นหน
น้ำค้าง	น้ำ-ค้าง		นหมอกหอบน้ำค้างกลางโพยมมั
ลูกสาว	ลูก-สาว		้องไปกับลูกสาวคนละคราวแล
มังกร	มัง-กอน		วแดงแย่งมังกร¦สั่งพหลพล
หนทาง	นะ-ทาง		็มทนด้วยหนทางต่อสว่างจึ
ใจหาย	ใจ-หาย		ลำบากยากใจหายแกแค้นคั่ง
ข้างหน้า	ข้าง-น่า		เลี้ยวมาข้างหน้าเนิน¦ด้วยบ
อาสา	อา-สา		ายทัพรับอาสารีบออกมาแต
ปรานี	ปรา-นี		ใดมาขอจงปรานีบุตรสุดอาว
ราวกับ	ราว-กับ		ว่างแผ้วราวกับเขียนวิเชี
ตระเวน	ตระ-เวน		ืนเที่ยวตระเวนรายประจำทุ
คะนึง	คะ-นึง		ในจิตคิดคะนึง¦ฝ่ายพวกพล
ถึงที่	ถึง-ที่		่าท่านมาถึงที่เมืองผีสาง
เชิงเทิน	เชิง-เทิน		บพลาหน้าเชิงเทิน¦กองกิเลสผ
บูรี	บู-รี		ศัตรูกู้บูรีอย่าให้มีก
อดสู	อด-สู		วหาคนรู้อดสูใจ¦อย่าย่อ
พลบค่ำ	พลบ-ค่ำ		ศมีครั้นพลบค่ำสนธยาในราต
นิกร	นิ-กอน		วจดูหมู่นิกร¦เผอิญกูตร
ผีเสื้อ	ผี-เสื้อ		ี่หากพี่ผีเสื้อมารดาเจ้าม
อะไร	อะ-ไร		ผาผีหรืออะไรจิตใจหายอน
สุธา	สุ-ทา		้ชั้นฟ้าสุธาทิพย์ที่ลอ
ร้องเรียก	ร้อง-เรียก		ล้วว่าไปร้องเรียกมาว่ากระไร
กำสรด	กำ-สด		ันหมดโศกกำสรดร้อนพระทัย
ทุกข์ร้อน	ทุก-ร้อน		ียรใสที่ทุกข์ร้อนก่อนเก่าบร
เป็นไร	เป็น-ไร		งก่อนไม่เป็นไรในตำราอย่า
ประหลาด	ประ-หลาด		าบนอากาศประหลาดใจ¦จะย้อนท
ชิงชัย	ชิง-ไช		ีวิชาใครชิงชัยไม่ชนะคงจะ
ทรงเครื่อง	ซง-เครื่อง		นสรงแล้วทรงเครื่องอร่ามเรือง
ผายผัน	ผาย-ผัน		พอค่ำพลบผายผันต่างหรรษาบ
ไมตรี	ไม-ตรี		เจริญราชไมตรีที่คะนึงด้
ทำให้	ทำ-ให้		ขาร์แล้วทำให้เป็นลมระดม
ประดับ	ประ-ดับ		ี่ฝักทองประดับเพชรแต่ละเ
ช้านาน	ช้า-นาน		กตราอยู่ช้านานจะสู้พาลเห
แผ่นดิน	แผ่น-ดิน		่ดำรงทรงแผ่นดิน¦แล้วรับเค
สะพรั่ง	สะ-พรั่ง		ลพลฝรั่งสะพรั่งพร้อมเข้าแ
เช่นนี้	เช่น-นี้		ความ¦เออเช่นนี้จึ่งจะว่าพ
กุฎี	กุ-ดี		จตรงเข้ากุฎีที่สำราญ¦ท
ชี้แจง	ชี้-แจง		ธิญาณพระชี้แจงแจ้งข้อบรม
ฆ่าฟัน	ค่า-ฟัน		ามันรบราฆ่าฟันกันบรรลัยแ
มากมาย	มาก-มาย		างนักเลงมากมายหลายกระบวน
ครึกครื้น	ครึก-ครื้น		นมาดาษดาครึกครื้นยิงปืนไฟทห
รับรอง	รับ-รอง		ังคับคอยรับรอง¦ครั้นฤกษ์
ปรนนิบัติ	ปรน-นิ-บัด		คร่งข้างปรนนิบัติค่อยคิดตัด
ละห้อย	ละ-ห้อย		ร้าสร้อยละห้อยหาว่าหลานเ
แลดู	แล-ดู		่วงออกมาแลดูแขไขจวนจะร
ม้าใช้	ม้า-ใช้		น้าฉานพอม้าใช้ไปแถลงแจ้ง
ประยูร	ประ-ยูน		วงศ์พงศ์ประยูรหรือจะสูญล
สมบัติ	สม-บัด		งยิ่งชิงสมบัติทั่วจังหวั
เก้าอี้	เก้า-อี้		หลับไปบนเก้าอี้ที่ในเรือ¦
ทำไม	ทำ-ไม		นดัดอยู่ทำไมในไพรสัณฑ์
รัญจวน	รัน-จวน		หญ่เหหวนรัญจวนจิตแล้วสะก
คับคั่ง	คับ-คั่ง		ำรงวังมาคับคั่งวงศาพลากรท
กระบี่	กระ-บี่		าชาเหน็บกระบี่ฝักทองกล้อ
มั่นคง	มั่น-คง		่นพันให้มั่นคงจงดำรงบ้าน
ตั้งแต่	ตั้ง-แต่		งแชเชือนตั้งแต่มันได้เมีย
คนใช้	คน-ใช้		อนผันพวกคนใช้ผู้ถือหนัง
ภิญโญ	ภิน-โย		่างมีจิตภิญโญสโมสรบ้างก
ใหญ่น้อย	ไหย่-น้อย		สั่งทหารใหญ่น้อยคอยระวัง¦ข
กำนัล	กำ-นัน		รางค์นางกำนัล¦บ้างก็ไปค
โศกา	โส-กา		อรสมาทรงโศกาแล้วแจ้งแส
น้ำมัน	น้ำ-มัน		ม่ไหวเอาน้ำมันกรดสาดฟาดเ
ลีลา	ลี-ลา		ชาติล่วงลีลาศจากทางหว่
ร้องไห้	ร้อง-ไห้		อคุณต่างร้องไห้ใจคอเพียงจ
ห้ามปราม	ห้าม-ปราม		ิกขาท่านห้ามปรามสารพัดอัดอ
บุปผา	บุบ-ผา		ายขยายรสบุปผาสดส่งกลิ่น
ธานินทร์	ทา-นิน		ลพลมายังธานินทร์ครั้นถึงถิ
แผนที่	แผน-ที่		ยู่นี่ดูแผนที่เสียก่อนค่
ตระกูล	ตระ-กูน		วงศ์พงศ์ตระกูล¦จะอยู่ดีป
บัญชา	บัน-ชา		งท่านผู้บัญชา¦สั่งให้ตร
ได้ยิน	ได้-ยิน		ุขลุกผวาได้ยินเสียงปี่แก
วิเชียร	วิ-เชียน		กับเขียนวิเชียรใสที่ทุกข์
ลีลาศ	ลี-ลาด		ชาติล่วงลีลาศจากทางหว่า
รับขวัญ	รับ-ขวัน		ศียรแล้วรับขวัญอาดูรดิ้นด
ความรัก	ความ-รัก		ตามเพราะความรักด้วยทุกข์ห
ที่มา	ที่-มา		เชือน¦คนที่มาว่าไปแต่ตั
ตกใจ	ตก-ใจ		อย่าตื่นตกใจไปด้วยกัน¦
กำหนด	กำ-หนด		่อยสำราญกำหนดนานเบ็ดเสร
ผู้เฒ่า	พู่-เท่า		ญท่านครูผู้เฒ่าเอาไปด้วยจ
เงินทอง	เงิน-ทอง		สคงจะได้เงินทองของโตโต¦น่
ได้ที	ได้-ที		ลไพร่ไม่ได้ทีจะให้ตีแหก
สำนัก	สำ-นัก		าจักรพวกสำนักอยู่ท่าชลา
ขัดข้อง	ขัด-ข้อง		สารพัดจะขัดข้องทั้งพวกพ้อ
นบนอบ	นบ-นอบ		ักกันนางนบนอบตอบสนองขอร
ละเมาะ	ละ-เมาะ		ำราญข้ามละเมาะเกาะเกียนไ
สับสน	สับ-สน		นดับอยู่สับสนพระมังคลาก
บุราณ	บุ-ราน		องเรื่องบุราณ¦นางร้องว่
กล้าหาญ	กล้า-หาน		นทัพหน้ากล้าหาญในการรบได้
ธุระ	ทุ-ระ		่เป็นการธุระดอกบอกจริง
จำนง	จำ-นง		งประสงค์จำนงปอง¦สินสมุ
ทุกวัน	ทุก-วัน		ิ้นรบกันทุกวันคืน¦ทั้งวั
ใช้ใบ	ใช้-ไบ		์ตั้งแต่ใช้ใบมาสิบห้าวั
อย่างนี้	หย่าง-นี้		อกผางเอะอย่างนี้อ้ายพวกผีข
หลงใหล	หลง-ไหล		กพะวงมักหลงใหลอันโลกีย์น
กระทรวง	กระ-ทรวง		พหลวงทุกกระทรวงเร่งรัดให้
ไม้เท้า	ไม้-เท้า		็นหายถือไม้เท้างกเงิ่นเดิ
คาถา	คา-ถา		วยมนต์ดลคาถาวิชาขลังเป
การศึก	กาน-สึก		ศามาช่วยการศึกใหญ่ในลังก
กราบทูล	กราบ-ทูน		ะสันจึ่งกราบทูลกับพระองค์
ลูกหลาน	ลูก-หลาน		จมูกทั้งลูกหลานแม้นมิเข้า
การุญ	กา-รุน		ศรัทธาจะการุญจะอุดหนุนส
สมเด็จ	สม-เด็ด		บเหตุว่าสมเด็จพระเชษฐากั
กระทั่ง	กระ-ทั่ง		รีบไปให้กระทั่งฟังเนื้อคว
ชาววัง	ชาว-วัง		ักทองพวกชาววังตั้งเครื่อ
มารยา	มาน-ยา		แจ้งความมารยาเป็นพาเหีย
กระดาษ	กระ-ดาด		ตำรับจับกระดาษที่วาดเขีย
ตรวจตรา	ตรวด-ตรา		ปสั่งให้ตรวจตรากันมั่นอยู
หักหาญ	หัก-หาน		อทนทานจะหักหาญเข้าไปก็ใช
วิเศษ	วิ-เสด		ยรู้เหตุวิเศษโสคงจะได้เ
ประจัญบาน	ประ-จัน-บาน		พร้อมกันประจัญบานมันเอาขวาน
เนื้อความ	เนื้อ-ความ		ะทั่งฟังเนื้อความจะได้ตามเข
บิดร	บิด-รด	sound mismatch @1 (บิ vs บิด)	สนิทเป็นบิดรของบังอรบุ
กำจัด	กำ-จัด		หียรค่อยกำจัดตัดราคคิดพ
ถาวร	ถา-วอน		นนคราให้ถาวรพระเห็นพร้
ประภัสสร	ประ-พัด-สอน		จ่มจำรัสประภัสสรสุดสิ้นแสง
แยกย้าย	แยก-ย้าย		อแตกต้องแยกย้ายทั้งพลัดพร
เยี่ยงอย่าง	เยี่ยง-หย่าง		้ถูกต้องเยี่ยงอย่างทางบุราณ¦แ
บิตุรงค์	บิ-ตุ-รง		ิญพระบาทบิตุรงค์เผ่าพงศาให
หลับนอน	หลับ-นอน		ยกินอยู่หลับนอนผ่อนสำราญแ
ใช้สอย	ใช้-สอย		ยมไว้เคยใช้สอยกับเครื่อง
เป็นสุข	เป็น-สุก		ุกข์เห็นเป็นสุขชื่นมื่นไม
เจ้าเมือง	เจ้า-เมือง		งซ้ำเติมเจ้าเมืองเดิมนั้นเป
ทุกคน	ทุก-คน		เป่าทั่วทุกคนให้ไพร่พลเ
ทำเป็น	ทำ-เป็น		ข้าในป่าทำเป็นหาฟืนตองเท
เรือรบ	เรือ-รบ		ันลำทั้งเรือรบเรือใบอยู่
แซ่ซ้อง	แซ่-ซ้อง		นยอตตรังแซ่ซ้องก้องกังวาน
วังเวง	วัง-เวง		รื้นเครงวังเวงวนแกให้คนต
แน่นหนา	แน่น-หนา		นแขวนไว้แน่นหนาคอยบังลมโบ
ลุกขึ้น	ลุก-ขึ้น		วบ้างที่ลุกขึ้นเซายังเมาม
วิไล	วิ-ไล		นพระอภัยวิไลลักษณ์ลงซบ
รุ่งราง	รุ่ง-ราง		่าให้ทันรุ่งรางสว่างตาเอา
อาดูร	อา-ดูน		วรับขวัญอาดูรดิ้นดั่งจะ
ประมูล	ประ-มูน		งรายเข้าประมูลทูลฉลองตาม
รำพึง	รำ-พึง		งตรึกนึกรำพึงแล้วจึงว่า
ตามแต่	ตาม-แต่		ถามก็ว่าตามแต่ผู้ใหญ่จะไ
แต่ก่อน	แต่-ก่อน		งเคราะห์แต่ก่อนคิดผ่อนผัน
ทัพหน้า	ทับ-หน้า		ล้วไปบอกทัพหน้าพวกวาโหมวา
ข่มเหง	ข่ม-เหง		หยาบหยามข่มเหงไม่เกรงใจก
เวียงวัง	เวียง-วัง		คลายเข้าเวียงวังตั้งหน้าไป
วิเวก	วิ-เวก		่งวังเวงวิเวกจิตสังเกตท
ไสยาสน์	ไส-ยา		สไชยตื่นไสยาสน์พร้อมอำมาต
ฉันใด	ฉัน-ได		ยกันหรือฉันใด¦พวกกำปั่น
เศร้าหมอง	เส้า-หมอง		์เผ่าให้เศร้าหมองมาเป็นกรรม
ประเดี๋ยวนี้	ประ-เดี๋ยว-นี้		วาปตาหวีประเดี๋ยวนี้อยู่ในไอศว
แจ้งเหตุ	แจ้ง-เหด		ละสังเวชแจ้งเหตุผลโมทนาสาธ
นงเยาว์	นง-เยา		่วนโฉมยงนงเยาว์เสาวคนธ์จร
คนดี	คน-ดี		พื่อจะปะคนดีมีวิชาแต่บ
อิ่มเอม	อิ่ม-เอม		แจ้งความอิ่มเอมเกษมสันต์ส
ดำเนิน	ดำ-เนิน		เพลินรีบดำเนินพลไปใกล้ลั
ผาสุก	ผา-สุก		ท้าวรายาผาสุกสิ้นทุกข์ร
วจะ	วะ-จะ		ึงอ้ายผัวจะมาง้อขออีเ
ว่ากล่าว	ว่า-กล่าว		กับพหลไปว่ากล่าวโดยดีทั้งร
มนตรี	มน-ตรี		ยงชัยให้มนตรีนำคดีสร้อย
ทูลกระหม่อม	ทูน-กระ-หม่อม		งเดชะบุญทูลกระหม่อมไม่อับปางเ
ผู้ใหญ่	พู่-ไหย่		่าตามแต่ผู้ใหญ่จะไต่สวนข้
ล้มตาย	ล้ม-ตาย		นถูกทหารล้มตายถึงวายชนม์
สดับ	สะ-ดับ		์วงศ์ทรงสดับสำเนียงจับ
ตัวเรา	ตัว-เรา		ขาฟังว่าตัวเราจะเข้าไปใน
เห็นจริง	เห็น-จิง		สละมาไม่เห็นจริงดอกหนาพระอ
ข้าวของ	ข้าว-ของ		ห้องเก็บข้าวของตามประสาอั
ตามมา	ตาม-มา		ฤษที่ติดตามมาสักสามสิบค
พร้อมเพรียง	พร้อม-เพรียง		ล้อมเข้าพร้อมเพรียง¦พร้อมพหลพ
เช้าตรู่	เช้า-ตรู่		ตระกูลพอเช้าตรู่สุริยาภาณุ
สังวาล	สัง-วาน		ริ้มพรายสังวาลสายมรกตดูง
มีชัย	มี-ไช		าไปตีให้มีชัย¦อันเสนาฝร
กราบกราน	กราบ-กราน		สินสมุทรกราบกรานสงสารแม่ให
ประภาษ	ประ-พาด		์ราชตรัสประภาษถามไต่พระท
สล้าง	สะ-ล้าง		ก็แล่นใบสล้างมากลางหนทั
ทันที	ทัน-ที		พลันด้วยทันทีจงปรานีข้า
โปรดปราน	โปรด-ปราน		ะปรองดองโปรดปรานประการใดก้
ลูกเต้า	ลูก-เต้า		ิ่นฐานจนลูกเต้าเผ่าพงศ์ทั
อากาศ	อา-กาด		ะมันมาบนอากาศประหลาดใจ¦
มุนินทร์	มุ-นิน		่ได้กสิณมุนินทร์ใหม่ด้วยว่
มาตุรงค์	มา-ตุ-รง		อเชิญบาทมาตุรงค์มาทรงศาลที
ประมาณ	ประ-มาน		ือล้นพ้นประมาณหรือเดินสา
หลับใหล	หลับ-ไหล		ก่ใจช่างหลับใหลล้มกลิ้งทั
แห่งหน	แผ่ง-หน		ปอยู่ที่แห่งหนตำบลใด¦พออ
ปีศาจ	ปี-สาด		อสุรีนางปีศาจเขาประกาศน
ท้าวนาง	ท้าว-นาง		นไพบูลย์ท้าวนางทูลเสาวคนธ
โศกศัลย์	โสก-สัน		วิโยคที่โศกศัลย์สั่งล้าต้า
วงศา	วง-สา		าคับคั่งวงศาพลากรทั้งฤ
ศาลา	สา-ลา		ษรกรมท่าศาลากลาง¦แจ้งค
สามี	สา-มี		ังถ้อยคำสามีปรีชาชาญโป
ทะยาน	ทะ-ยาน		่นโผนโจนทะยานฝูงม้าเต้น
กิจจา	กิด-จา		านชลาสืบกิจจาเหตุการณ์ส
พลรบ	พน-รบ		เกณฑ์พหลพลรบไว้ครบครัน
วิหค	วิ-หก		งขาร์ฝูงวิหคนกบินลงกิน
วารี	วา-รี		คลองช่องวารีชวนกันรี่เ
ขอบเขต	ขอบ-เขด		หาสาคเรศขอบเขตคันอาทิตย์
ดูแล	ดู-แล		ดผันผ่อนดูแลได้แก้ไขเอ
ตะลึง	ตะ-ลึง		นิ่งอึ้งตะลึงตะไลตกพระท
ไคลคลา	ไคล-คลา		นใหญ่รีบไคลคลาจากลังกาเท
รุ่งเช้า	รุ่ง-เช้า		กระสันพอรุ่งเช้าพากันไปข้า
วอดวาย	วอด-วาย		นีรอดไม่วอดวายคุณของสายส
เปรียบเหมือน	เปรียบ-เหมือน		นที่พึ่งเปรียบเหมือนหนึ่งพุ่มไ
สมประสงค์	สม-ประ-สง		กโดยนิยมสมประสงค์จึงจัดพร้อ
ล้าต้า	ล้า-ต้า		ท่าพร้อมล้าต้าต้นหนคนขยั
ตามเรื่อง	ตาม-เรื่อง		เขตลังกาตามเรื่องต้นหนหลังอ
พิภพ	พิ-พบ		นดินปิ่นพิภพจบจังหวัดโ
หันเห	หัน-เห		ะกันบ้างหันเหคลื่นกระแท
ตะวัน	ตะ-วัน		อสายัณห์ตะวันตกเร่งยกพล
ชำเลือง	ชำ-เลือง		างผันแปรชำเลืองแลค้อนควัก
เมื่อไร	เมื่อ-ไร		ว่าไปสักเมื่อไรจะได้เฝ้าเ
มาลัย	มา-ไล		ญกัลยาสุมาลัยพระเคล้นไค
ประเสริฐ	ประ-เสิด		อาณาจักรประเสริฐศักดิ์อิศโ
สุมาลี	สุ-มา-ลี		ั้งวัณฬาสุมาลีหลวงชีสองเ
ผูกพัน	ผูก-พัน		้งนั้นก็ผูกพันพูดได้หลาย
บรรเทา	บัน-เทา		ก่อนเก่าบรรเทาใจเองเร่งไ
อาหาร	อา-หาน		หญ้าเป็นอาหารละมั่งระมา
ครื้นครึก	ครื้น-ครึก		้นประโคมครื้นครึกครั่นสนั่น
เวทมนตร์	เวด-มน		สยเพทพระเวทมนตร์¦พระอภัยสุ
ชีวัง	ชี-วัง		ไหนจะรอดชีวังคงสังขาร์แ
ครื้นครั่น	ครื้น-ครั่น		¦ระดมปืนครื้นครั่นควันตลบให้
วายปราณ	วาย-ปราน		ำร้ายให้วายปราณในสันดานตั
กำชับ	กำ-ชับ		ะยกทัพจงกำชับพวกพหลพลขั
น้ำตาไหล	น้ำ-ตา-ไหล		ต็มประดาน้ำตาไหลคิดถึงนุชส
ควรจะ	ควน-จะ		พระยาเอกควรจะเสกให้เป็น
ผ่อนปรน	ผ่อน-ปรน		ร้อนต้องผ่อนปรนกว่าจะพ้นค
หม่อมฉัน	หม่อม-ฉัน		าศัยใกล้หม่อมฉันเมื่อมีทุก
โฉมฉาย	โฉม-ฉาย		ลถวายพระโฉมฉายธิบดินทร์ป
ประสา	ประ-สา		ื่อยร้องประสานซ้องก้องด
แล้วจึง	แล้ว-จึง		นึกรำพึงแล้วจึงว่าพระเป็น
รำพัน	รำ-พัน		าวันพลางรำพันความหลังนั
สันทัด	สัน-ทัด		้งฝอนผันสันทัดได้หัดปรือ
งดงาม	งด-งาม		าหมดจดดูงดงามน่าจะตามท่
ชีวี	ชี-วี		เรามาแทบชีวีจะปลดปลงรอ
ภูเขา	พู-เขา		ตามลำเนาภูเขาเขินระยะย่
ดำริ	ดำ-หริ		รตรองตริดำริพลางแล้วปล
ได้การ	ได้-กาน		ายไปเห็นได้การปรึกษาท้าว
พ่อตา	พ่อ-ตา		เฝ้าท้าวพ่อตาแถลงข้อราช
โบราณ	โบ-ราน		้างอย่างโบราณ¦สามพระองค
นงลักษณ์	นง-ลัก		ต่แม่พ่อนงลักษณ์สักประเดี๋
ตามจริง	ตาม-จิง		ูกจะเล่าตามจริงทุกสิ่งสรร
ปรารภ	ปรา-รบ		ลิมภพให้ปรารภในพระทัยหล
ศีรษะ	สี-สะ	sound mismatch @1 (ศีร vs สี)	พัฒน์ตัดศีรษะให้สมกะแค้
พระคุณ	พระ-คุน		องจะฉลองพระคุณกรุณาขอเชิ
พระโรง	พระ-โรง		ปนั่งยังพระโรง¦แล้วจัดแจ
อาการ	อา-กาน		ืออยู่ดูอาการจะหักหาญทา
กระสัน	กระ-สัน		งแค้นแสนกระสันจึ่งกราบทู
ระงับ	ระ-งับ		จะต้องไประงับช่วยดับเข็
ทำศึก	ทำ-สึก		เป็นกรรมทำศึกไม่ตรึกตรอ
เป่าปี่	เป่า-ปี่		อผ่อนผันเป่าปี่ให้มีชัยมั
กุมารา	กุ-มา-รา		่อต่อมา¦กุมาราบังคมประนม
ประจง	ประ-จง		ตริย์จัดประจงทั้งคาวหวา
ประจญ	ประ-จน		ดขวางทางประจญ¦เครื่องกั
ประมาท	ประ-หมาด		จะแค้นใจประมาทไปมันจึ่งท
อับจน	อับ-จน		ำหรับแก้อับจนค่อยฝึกฝนส
มณฑล	มน-ทน		เฒ่าเข้ามณฑลแล้วห้ามคน
ข้างหลัง	ข้าง-หลัง		ษีเสนามาข้างหลังพ้นทุ่งนาป
ทุกคืน	ทุก-คืน		ู่ชูชื่นทุกคืนวันโอ้เจ้า
ไปมา	ไป-มา		่เป็นอันไปมาเที่ยวหากิ
โหรา	โห-รา		อเมาเข้าโหราเอามาปรุงต
รู้สึก	รู้-สึก		ท่าไรไม่รู้สึกทรวงสะทึกถ
ความหลัง	ความ-หลัง		ลางรำพันความหลังนั่งประคอง
สงกา	สง-กา		ต่ถามตามสงกาเจ้าคุณมาร
บังคับ	บัง-คับ		วุธอย่างบังคับแม่ทัพเรือ
สิ่งใด	สิ่ง-ได		ยคุ้มภัยสิ่งใดมาขอจงปราน
สอนสั่ง	สอน-สั่ง		ิบแรง¦แกสอนสั่งตัวเองอย่า
รั้งรอ	รั้ง-รอ		ฝรั่งไม่รั้งรอ¦เอาปืนยิง
เร่งรัด	เร่ง-รัด		กกระทรวงเร่งรัดให้จัดสรรค
อังกฤษ	อัง-กริด		ฆราชชาติอังกฤษกำเริบจิตป
ปราบปราม	ปราบ-ปราม		กินอาบจงปราบปราม¦ตามแม่น้ำ
รำลึก	รำ-ลึก		ัยถอนหวนรำลึกนึกถึงพระม
ลำเนา	ลำ-เนา		กพลไปตามลำเนาภูเขาเขินร
กระบอง	กระ-บอง		อไม้พลองกระบองสั้นเข้ากา
จินดา	จิน-ดา		ดมั่นฝังจินดาค่าบุรินทร
นาวา	นา-วา		ีวิชาจัดนาวาสี่ลำตามกั
ตรงหน้า	ตรง-หน้า		รงมานั่งตรงหน้าศาลฉันสังเ
สาวใช้	สาว-ใช้		ล่าอนงค์สาวใช้ขึ้นท้ายเก
หัวร่อ	หวัน-ร่อ	sound mismatch @1 (หัว vs หวัน)	ือหลอมันหัวร่อปรีดิ์เปรม
ผันแปร	ผัน-แปร		ะได้ช่วยผันแปรคิดแก้ไขคร
วิตก	วิ-ตก		กะพกความวิตกไม่รู้สิ้น
แก้วตา	แก้ว-ตา		นพี่จะพาแก้วตาไป¦พระอภัย
ตั้งค่าย	ตั้ง-ค่าย		ับได้แสนตั้งค่ายคูหลายชั้น
อัคคี	อัก-คี		งยิงทิ้งอัคคีพอสุริย์ศร
สุริยง	สุ-ริ-ยง		นเห็นดวงสุริยงส่งแสงฉานท
พิธี	พิ-ที		้าบัดพลีพิธีไสยเป็นลมห
งานการ	งาน-กาน		ษาเรื่องงานการสงคราม¦ว่า
คราวนี้	คราว-นี้		การอุบายคราวนี้ว่าดีครัน¦
ตามติด	ตาม-ติด		้องจะได้ตามติดไม่คิดกาย¦
กุศล	กุ-สน		ธิญาณการกุศลจะได้พ้นกอ
เจ้าคุณ	เจ้า-คุน		มตามสงกาเจ้าคุณมาราชการสถ
ประโยชน์	ประ-โยชน์		ได้ผลได้ประโยชน์จะโปรดมึงเ
ฮึกหาญ	ฮึก-หาน		าพวกโยธาฮึกหาญจะราญรอน¦ฝ
ผันผ่อน	ผัน-ผ่อน		าก่อนคิดผันผ่อนดูแลได้แก้
น้ำใจ	น้ำ-ใจ		างไรเสียน้ำใจแทบชีวิตจะ
จำเพาะ	จำ-เพาะ		ร่งกันมาจำเพาะแต่เคาะกลอ
ตำหนัก	ตำ-หนัก		ท่าสำนักตำหนักแพ¦เดินกระ
รู้อยู่	รู้-อยู่		ากระไรก็รู้อยู่ว่าจะเบียน
ประเดี๋ยว	ประ-เดี๋ยว		่นเขี้ยวประเดี๋ยวใจเข้าลุยไ
พาชี	พา-ชี		ปจงดีพวกพาชีรีบไปในพาร
พอให้	พอ-ให้		รักษามันพอให้ปลอดรอดชีว
กะลาสี	กะ-ลา-สี		นบนเภตรากะลาสีต่างอึงมี่
เกสร	เกด-สอน	sound mismatch @1 (เก vs เกด)	์แย้มแกมเกสรมะลุลีมะลิ
พายุ	พา-ยุ		กไอศูรย์พายุปัดซัดไปเก
ระฆัง	ระ-คัง		่าประดังระฆังขานเหมือนเ
ขันแข็ง	ขัน-แข็ง		บกันด้วยขันแข็งพวกคนธรรพ์
ตั้งมั่น	ตั้ง-มั่น		ัวท่านจะตั้งมั่นยับยั้งคอย
น้อยหรือ	น้อย-หรือ		ออะดวงชะน้อยหรืออีละเวงข่ม
นิมิต	นิ-มิด		ญชี¦เกิดนิมิตว่าอาทิตย์
นำหน้า	นำ-หน้า		้นขี่ม้านำหน้าพล¦บรรทุกเ
กล่าวถึง	กล่า-ถึง	sound mismatch @1 (กล่าว vs กล่า)	เทศตน¦จะกล่าวถึงสังฆราชพระ
ตามตำรา	ตาม-ตำ-รา		คล้าสุราตามตำราใส่กล้องเป
อายุ	อา-ยุ		ป็นผุยผงอายุยืนหมื่นพั
ศักดา	สัก-ดา		ุลจักรมีศักดาทั้งชะตาผู
ทิศา	ทิ-สา		ำมัวทั่วทิศาฝนก็ตกท่วม
จัดการ	จัด-กาน		รวีวารก็จัดการของเลี้ยงต
ศรัทธา	สัด-ทา		งหมื่นมีศรัทธาสมาทาน¦เทศ
จนใจ	จน-ใจ		งได้เป็นจนใจแต่ยังคิดจ
เกาทัณฑ์	เกา-ทัน		มหลาวลูกเกาทัณฑ์¦ข้างพวกพ้
ดนตรี	ดน-ตรี		ทั้งกาหลดนตรีปี่ชวาพระท
ก็ได้	ก็-ได้		ากเข็ญใจก็ได้เห็นสู้อุ้
บอกเล่า	บอก-เล่า		ป็นไฉนจงบอกเล่าไปแก่เราให
โกรธา	โกร-ทา		ี่โมโหจะโกรธาจงยับยั้งฟ
สำราญใจ	สำ-ราย-ใจ	sound mismatch @2 (ราญ vs ราย)	กี้ยวพานสำราญใจ¦ฝ่ายท่านท
อยู่งาน	อยู่-งาน		็นฟองฝอยอยู่งานคอยถวายเย็
เคียงข้าง	เคียง-ข้าง		เพลิงครบเคียงข้างนั่งสลอนพอ
พวกเรา	พวก-เรา		ฝ่ายทหารพวกเราตามเผาผลาญ
นภางค์	นะ-พาง		ขว้างโดยนภางค์เมฆาเวหาหน
เศร้าสร้อย	เส้า-ส้อย		งการตรัสเศร้าสร้อยละห้อยหาว่
หรือไม่	หรือ-ไม่		เราจะชอบหรือไม่ชอบคิดสอบส
ปรารมภ์	ปรา-รม		านว่าเราปรารมภ์อยากได้ชมน
เอ็นดู	เอ็น-ดู		เทพไทได้เอ็นดู¦พวกพาณิชเ
แห่แหน	แผ่-แหน		นทองแล้วแห่แหนลงไปในกำปั
ธุลี	ทุ-ลี		้บาทาฝ่าธุลีว่าบัดนี้แ
ไม่วาย	ไม่-วาย		ันตัวได้ไม่วายวาง¦แล้วหย
ทิวา	ทิ-วา		นถึงเจ็ดทิวาตาจะบอดไหน
วิวาห์	วิ-วา		ทำงานการวิวาห์สุดแต่อาจา
ลมหวน	ลม-หวน		ิ้นเมื่อลมหวนจะได้ครวญค
วิบัติ	วิ-บัด		ารโทมนัสวิบัติเป็นว่าจะต
ดึกดื่น	ดึก-ดื่น		ลางคืนจนดึกดื่นบอกเราให้เ
จวนจะ	จ-วน-จะ		พอสุริยาจวนจะลบภพไกรก็น
ละมาน	ละ-มาน		หนึ่งถึงละมานสถานถิ่นเม
กนิษฐา	กะ-นิด-ถา		ปถึงมิตรกนิษฐาช่วยแจ้งโศ
ทันใด	ทัน-ได		ปั่นด้วยทันใดบอกนายไพร่
กังขา	กัง-ขา		ธอฟังที่กังขาฉันมาโดยทา
ภูษา	พู-สา		นถวายผ้าภูษาทรง¦ประโรห
รามา	รา-มา		ยวหยิบสุรามารินกินคนเด
ร้อนรน	ร้อน-รน		สอนทำให้ร้อนรนไปโดยใจถวิ
เลขา	เล-ขา		แจ้งแห่งเลขาพวกชาวด่าน
เข้าเฝ้า	เข้า-เฝ้า		นถึงถิ่นเข้าเฝ้าพระเจ้าอา¦
วันทา	วัน-ทา		แล้วถวายวันทาคารวะขอเดช
สังหาร	สัง-หาน		่อยไปไล่สังหารเสกไม้เท้า
รู้ความ	รู้-ความ		ามที่ได้รู้ความตามทำนองมั
ครั่นครื้น	ครั่น-ครื่น		อัศจรรย์ครั่นครื้นเป็นคลื่นค
ปากอ่าว	ปาก-อ่าว		ปหาดทรายปากอ่าวริมเสาโคมพ
ปราการ	ปรา-กาน		งกองไฟไวปราการทหารขานยาม
หลบหนี	หลบ-หนี		งหอรบไม่หลบหนีพวกชาวเมือ
ผู้รู้	พู่-รู้		งวิชาแต่ผู้รู้ยังอยู่เรื
เรือกำปั่น	เรือ-กำ-ปั่น		้ยังอยู่เรือกำปั่นจะชวนกันเท
เหลือกำลัง	เหลือก-ลำ-งัน	sound mismatch @1 (เหลือ vs เหลือก);sound mismatch @3 (ลัง vs งัน)	้ข้างขวาเหลือกำลังพวกพหลพลโย
กุลา	กุ-ลา		ชื่อท้าวกุลามาลีมณีฉาย
เที่ยวหา	เที่ยว-หา		นลังกาจะเที่ยวหาคนรู้อดสูใ
คิรี	คิ-รี		จะไปเนินคิรีจัดรี้พลแล
กลางวัน	กลาง-วัน		ะจ่างดังกลางวันที่มืดมนอน
ดอกไม้	ดอก-ไม้		อำไพแขวนดอกไม้พวงพุ่มปทุ
ตามใจ	ตาม-ใจ		งตัวใหญ่ตามใจตนแกเป็นคน
ราคี	รา-คี		ิ้นสีอันราคีจะมาปนไม่ห
ข้าหลวง	ข้า-หลวง		แต่บรรดาข้าหลวงเดิมจอดประ
จับได้	จับ-ได้		อาผ้าฟาดจับได้มิให้หมองถ
ปะทะ	ปะ-ทะ		าออกราวีปะทะตีต้านหน้า
มายัง	มา-ยัง		ลิกพหลพลมายังธานินทร์คร
ประชวร	ประ-ชวน		สงวนหรือประชวรอย่างไรจงไ
กึกก้อง	กึก-ก้อง		าพวกโยธากึกก้องร้องตะโกน¦
เข่นฆ่า	เข่น-ค่า		็นแม่ทัพเข่นฆ่าให้ตาเหลือ
เอาไว้	เอา-ไว้		เฉงเรียนเอาไว้กันตัวอย่า
จัดสรร	จัด-สัน		่งรัดให้จัดสรรค์เครื่องอ
ประชา	ประ-ชา		่าวเหล่าประชาที่ท่าน้ำล
ไอศูรย์	ไอ-สูน		่องไปจากไอศูรย์พายุปัดซัด
ตามที่	ตาม-ที่		ลทูลฉลองตามที่ได้รู้ความ
ใจจริง	ใจ-จิง		ก็ต้องจนใจจริงหญิงกับชาย
ราศี	รา-สี		ูย่าเป็นราศีมันจึ่งพูด
บาหลี	บา-หลี		้าในท้ายบาหลีคลี่ตำรับแ
ระยับ	ระ-ยับ		สีดำขลับระยับพลาย¦ท้าวโ
หน้าที่	หน้า-ที่		นิทดีปันหน้าที่คอยระวังให
เท่าไร	เท่า-ไร		เรียกสักเท่าไรไม่รู้สึกท
มัวหมอง	มัว-หมอง		มชั่วที่มัวหมองเหมือนวาริ
ชม้าย	ชะ-ม้าย		ันธุ์พระชม้ายชายเนตรดูห
พึ่งพา	พึ่ง-พา		ขัดสนได้พึ่งพาบารมี¦ยาอ้
ยกทัพ	ยก-ทับ		มีฤกษ์จะยกทัพจงกำชับพวก
แม่ทัพ	แม่-ทับ		างบังคับแม่ทัพเรือใครขาด
หม่นหมอง	หม่น-หมอง		ังพหลให้หม่นหมองให้หวาดไหว
ถามถึง	ถาม-ถึง		ะอภัยไต่ถามถึงมัจฉายังสุ
ระรื่น	ระ-รื่น		สาครฟื้นระรื่นรสแล้วประณ
ล่อลวง	ล่อ-ลวง		๋อก้อไว้ล่อลวงจะตัดห่วงต
ขอลา	ขอ-ลา		าวิญญาณ์ขอลาไปรมจักรนั
ผู้วิเศษ	พู่-วิ-เสด		ู้จะเชิญผู้วิเศษไปดั่งใจหว
วายชนม์	วาย-ชน		้มตายถึงวายชนม์ไม่รู้กลตา
นิยม	นิ-ยม		งตรึกโดยนิยมสมประสงค์จ
หลังคา	หลัง-คา		นพลับพลาหลังคาสีแล้วก็ชว
ได้ความ	ได้-ความ		กให้จึ่งได้ความพระจึ่งสั่
เพิ่มพูน	เพิ่ม-พูน		ป็นมูลจงเพิ่มพูนรักกันอย่า
สันดาน	สัน-ดาน		ห้มั่นในสันดานแม้นเกิดกา
แข็งขัน	แข็ง-ขัน		งแย้งให้แข็งขันปีกนกสับคา
อิงแอบ	อิง-แอบ		รานีพลางอิงแอบแนบน้องประ
พฤกษา	พรึก-สา		งป่าดงพงพฤกษาไม่พบองค์ท
วิโยค	วิ-โยก		ยคลายวายวิโยคบรรเทาโศกส
ที่นี่	ที่-นี่		แก้วอยู่ที่นี่อย่าผลีผลา
เหล่านี้	เหล่า-นี้		้อ้ายพวกเหล่านี้เป็นที่พึ่
ซื่อตรง	ซื่อ-ตรง		ฝีมือที่ซื่อตรงให้เดินวงอ
อึงคะนึง	อึง-คะ-นึง		ร้องอื้ออึงคะนึงไป¦ไม่เห็น
พงศ์พันธุ์	พง-พัน		วงศ์เผ่าพงศ์พันธุ์¦ดาบสินีจะ
ภิรมย์	พิ-รม		ำเป็นสองภิรมย์สมสวาทในอา
ผู้ดี	พู่-ดี		็ไพร่ใช่ผู้ดีมาข่มขี่ใน
ตัดรอน	ตัด-รอน		นหวานคิดตัดรอนผ่อนผันในส
สู้รบ	สู้-รบ		รู้ผิดก็สู้รบกันไม่หวั่
พร้อมพรัก	พร้อม-พ-รัก		ณาจักรคนพร้อมพรักทั้งในไอศว
เลี้ยงดู	เลี้ยง-ดู		วสั่งให้เลี้ยงดูหมู่ทหารทั
เกศา	เก-สา		งเสวยเสยเกศาพรหมณ์ก็อ่
จำเป็น	จำ-เป็น		้าซ้ำจึงจำเป็น¦ไม่ดับสูญ
หมองมัว	หมอง-มัว		าผัวต้องหมองมัวไปสิ้นทุกถ
โกลาหล	โก-ลา-หน		วุธปืนผาโกลาหลโห่ภาษาแขก
นางรำ	นาง-รำ		ลายอย่างนางรำพันมันให้ต
บอกกล่าว	บอก-กล่าว		สุดที่จะบอกกล่าวเจ้าประคุณ
บันดาล	บัน-ดาน		ระวิญญาณบันดาลเป็นคิดไม่
ชมเชย	ชม-เชย		าเอ๋ยการชมเชยมันไม่แน่ย
พระมารดา	พระ-มาน-ดา		ีศรีโสภาพระมารดาจูงหัตถ์ตร
ระลอก	ระ-ลอก		ยทีคลื่นระลอกออกไม่ทันจ
สุคนธ์	สุ-คน		ปาจำปีรสสุคนธ์มณฑาระดาดา
ขอให้	ขอ-ให้		ัดขวางจะขอให้โหรดูพอรู้
กระแส	กระ-แส		ออกไปชายกระแสแล้วตีกลอง
เสียแรง	เสีย-แรง		ไอศวรรย์เสียแรงเกิดมาเป็น
ผู้ชาย	พู่-ชาย		นหาคู่คบผู้ชาย¦ขึ้นปรางค
เถ้าแก่	เถ้า-แก่		็จออกบอกเถ้าแก่ให้ทูลแต่อ
สิ่งของ	สิ่ง-ของ		เหล้าไข่สิ่งของต้องประสงค
สรรเสริญ	สัน-เสิน		ำเป็นว่าสรรเสริญเจริญดี¦ทั
บัดนี้	บัด-นี้		คดีมีว่าบัดนี้บาทหลวงแกล
ตามประสา	ตาม-ประ-สา		บข้าวของตามประสาอัชฌาสัยแต
ระอา	ระ-อา		อบังแสงพระอาทิตย์ดั่งจ
กลางแปลง	กลาง-แปลง		ึงผางที่กลางแปลงถูกเรือแคล
ทั้งพวก	ทั้ง-พวก		ะขัดข้องทั้งพวกพ้องคนชิดท
จุดไฟ	จุด-ไฟ		ยุทธ์ให้จุดไฟ¦จะกล่าวฝ่
ไปดู	ไป-ดู		้คนสอดลงไปดูหมู่พหลฟัง
บรรพต	บัน-พด		โอรสอยู่บรรพตพิสดารนานน
สุดคิด	สุด-คิด		ิทธ์เป็นสุดคิดสุดอาลัยให
พิไร	พิ-ไร		าปราศรัยพิไรวอนอีนางมอ
นอบนบ	นอบ-บน	sound mismatch @1 (นอ vs นอบ)	กรภพเข้านอบนบทูลองค์พระ
เจ้าประคุณ	เจ้า-ประ-คุน		อฝ่าเท้าเจ้าประคุณ¦แล้วเรียก
ปลูกฝัง	ปลูก-ฝัง		งเมียลูกปลูกฝังให้นั่งกิน
วันนั้น	วัน-นั้น		ลง¦เมื่อวันนั้นท่านครูมาอ
เรียกหา	เรียก-หา		กพลางทางเรียกหาพวกล้าต้าร
ฮึกโหม	ฮึก-โหม		ข้าศึกมาฮึกโหมคอยกระโจมต
สุนทร	สุน-ทอน		ล่าวกลอนสุนทรถามจึงกล่า
โฉมงาม	โฉม-งาม		มสองเจ้าโฉมงามทรามสงวนนว
หาดทราย	หาด-ซาย		ลนิกายไปหาดทรายเต็มกลัวหน
จำนรรจา	จำ-นัน-จา		รวลสันต์จำนรรจากินข้าวปลา
ระทวย	ระ-ทวย		จรวยอ่อนระทวยไปทั้งกายแ
ประสบ	ประ-สบ		นมิได้พบประสบกันหรือด้น
ถอนสมอ	ถอน-สะ-หมอ		วสั่งให้ถอนสมออย่ารอรั้ง
ลดเลี้ยว	ลด-เลี้ยว		ที่ไหนมาลดเลี้ยวเที่ยวตระเ
ขอเฝ้า	ขอ-เฝ้า		นวิ่งตามขอเฝ้าหามตามอึงค
รายเรียง	ราย-เรียง		เร็จแล้วรายเรียงเลี้ยงทหาร
จนถึง	จน-ถึง		นี้แกดึงจนถึงดี¦ฝ่ายโฉม
สายัณห์	สา-ยัน		ั้งพหลพอสายัณห์ตะวันตกเร่
แม่เจ้า	แม่-เจ้า		ิดบังเงาแม่เจ้าเอ๋ยเอออ้า
นิกาย	นิ-กาย		พวกพหลพลนิกายไปหาดทรายเ
จุมพิต	จุม-พิด		อุ้มพลางจุมพิตนางเบือนบิ
ขึ้นรถ	ขึ้น-รด		นบาทหลวงขึ้นรถฝรั่งนั่งก
ยุบล	ยุบ-ลน	sound mismatch @1 (ยุ vs ยุบ)	วความตามยุบลมันติดกลที
พยนต์	พะ-ยน		ินทร์อันพยนต์มนตราวิชาเ
ปรีดา	ปรี-ดา		สด็จมาก็ปรีดาต้อนรับกอง
โมโห	โม-โห		ม่ควรที่โมโหจะโกรธาจงย
ภายหลัง	พาย-หลัง		งจะไปต่อภายหลังเรียกฝรั่ง
บูชา	บู-ชา		กการนานาบูชาฉลองท้าวกุ
เลื่องลือ	เลื่อง-ลือ		เมืองให้เลื่องลือ¦แจ้งกิจจา
ระบอบ	ระ-บอบ		ระวังตามระบอบเร่งสอบสวน
คูหา	คู-หา		ธารเหวผาคูหาบรรพ์¦ตามเ
หนีหาย	หนี-หาย		้องนี้จะหนีหายไหนไหนฉันก
ชายหาด	ชาย-หาด		งรายอยู่ชายหาดสมอขาดปะกั
สะบัด	สะ-บัด		อดโยกโบกสะบัดพระพายพัดไ
มาจาก	มา-จาก		งข้ามหนีมาจากธานี¦พวกคน
มณฑา	มน-ทา		รสสุคนธ์มณฑาระดาดาษพุท
ภาณุมาศ	พา-นุ-มาด		วงสุริยาภาณุมาศขึ้นโอภาสแ
วายวาง	วาย-วาง		ัวได้ไม่วายวาง¦แล้วหยิบเ
หาไม่	หา-ไม่		ทั้งครัวหาไม่หัวมึงจะขา
หลายอย่าง	หลาย-หย่าง		้รู้เหตุหลายอย่างเพราะนางมา
แยบยล	แยบ-ยน		ูให้เห็นแยบยลกลอุบาย¦อย
เจ้าแผ่นดิน	เจ้า-แผ่น-ดิน		ลงในคงคาเจ้าแผ่นดินปิ่นพิภพจบ
ข้าไท	ข้า-ไท		าว่าเป็นข้าไทมิใช่ใจพี่
ความรู้	ความ-รู้		อาก็สิ้นความรู้สิ้นครูบาท
เล่ห์กล	เล่-กน		น่ห์ทั้งเล่ห์กล¦เดี๋ยวนี้
โมรา	โม-รา		างวิถีชมโมราประการังยั
ระทด	ระ-ทด		้าสลดจิตระทดเสียใจมิใค
หมองหมาง	หมอง-หมาง		ขุ่นข้องหมองหมางระคางคายตา
สมคะเน	สม-คะ-เน		กษมสันต์สมคะเนไม่ต้องรุก
ประดา	ประ-ดา		ะลึกเต็มประดานิจจาเอ๋ยเ
ห่างเหิน	ห่าง-เหิน		ศพนางไม่ห่างเหินทำธงปักเป็
สุดแต่	สุด-แต่		หลานบุตรสุดแต่ใจ¦พอจบธรร
ต่อตี	ต่อ-ตี		หาคนดีมาต่อตีก็ให้ว่าอย
มงกุฎ	มง-กุด		ภาทรงมหามงกุฎบุษย์น้ำทอ
ข้องขัด	ข้อง-ขัด		์สุทัตจะข้องขัดอย่างไรไฉน
ทำตาม	ทำ-ตาม		ครเร่งไปทำตามกระทรวงเบิ
รู้เรื่อง	รู้-เรื่อง		ยายแต่พอรู้เรื่องแถลงไม่แพร
นที	นะ-ที		ชเชือน¦คนที่มาว่าไปแต
มืดมัว	มืด-มัว		ังเกตทิศมืดมัวทั่วสวรรค์
รีบร้อน	รีบ-ร้อน		ชาญสมรก็รีบร้อนเดินเรียงเ
อัชฌา	อัด-ชา		้ามังคลาอัชฌาสัยเธอโอบอ
เศรษฐี	เสด-ถี		ะเทศทั้งเศรษฐีปราศจากโรค
สิกขา	สิก-ขา		ขอบวชสวดสิกขาสมาทานเป็น
กำซาบ	กำ-ซาบ		นกริชดาบกำซาบสายแต่เสนี
เกลื่อนกลาด	เกลื่อน-กลาด		กลตามถนนเกลื่อนกลาดดาษดา¦แล้ว
เปรมปรีดิ์	เปรม-ปรี		นราตรีแกเปรมปรีดิ์ในใจเห็นได
กระทบ	กระ-ทบ		่นกระแทกกระทบไหวดั่งไกว
ก้องกังวาน	ก้อง-กัง-วาน		นบินร้องก้องกังวานเสียงประสา
ดีจริง	ดี-จิง		ชแกองอาจดีจริงยิ่งนับถือ
พี่ชาย	พี่-ชาย		หลานเอ๋ยพี่ชายกับนัดดาไป
คอยท่า	คอย-ท่า		มาเตรียมคอยท่านท้าวแต่เช
ยงยุทธ์	ยง-ยุด		บได้สมทบยงยุทธ์อาวุธถือปื
สมประดี	สม-ประ-ดี		พลิกฟื้นสมประดีชุลีกรเห็น
พลัดพราก	พลัด-พราก		าผลาญแต่พลัดพรากจากพงศ์จาก
ทรามเชย	ซาม-เชย		เอ๋ยเจ้าทรามเชยอยู่ที่นี่
จริงจัง	จิง-จัง		านว่าชอบจริงจังดั่งเฉลยนั
เสแสร้ง	เส-แส้ง		ำราญแล้วเสแสร้งแกล้งว่ากู
สำแดง	สำ-แดง		าธรรมออกสำแดงแล้วชี้แจง
หน้าฉาน	หน้า-ฉาน		เสวกาที่หน้าฉานพอม้าใช้ไป
กุหลาบ	กุ-หลาบ		่นแซมแกมกุหลาบอังกาบมีสา
สีกา	สี-กา		เทศนาให้สีกาชีจำเอาคำส
อุทัย	อุ-ไท		งถอยไปจนอุทัยรุ่งรางสว่
กุหร่า	กุ-หร่า		นชาติอังกุหร่าปัญญาขยันส
แต่งตั้ง	แต่ง-ตั้ง		งเสวยข้าแต่งตั้งรับรองของท
มโหรี	มะ-โหรี	sound mismatch @1 (มโห vs มะ);sound mismatch @2 (รี vs โหรี)	ับขับไม้มโหรีมาพร้อมที่
ครื้นเครง	ครื้น-เครง		เสียงปืนครื้นเครงวังเวงวนแก
ไม่ต้อง	ไม่-ต้อง		ต์สมคะเนไม่ต้องรุกต้องทุก
บังเกิด	บัง-เกิด		่งนักหนาบังเกิดฝนคนเจ็บเป
คะเน	คะ-เน		มสันต์สมคะเนไม่ต้องรุก
อ่อนหู	อ่อน-หู		มันสอนจนอ่อนหูยังจะมาตอแ
โลกา	โล-กา		นปิ่นปักโลกาภาษาสยามให
ขัดเคือง	ขัด-เคือง		หามาแข็งขัดเคืองจิตผิดตำรา
ปลดเปลื้อง	ปลด-เปลื้อง		ภิรมย์รสปลดเปลื้องที่เรื่องท
คู่ครอง	คู่-ครอง		อยู่เป็นคู่ครอง¦ท้าวกุลาม
รูปทรง	รูบ-ซง		ท้ผูกพันรูปทรงอนงค์นางบา
พินิจ	พิ-นิด		่ตึกเพ่งพินิจคิดประหลาด
ตึงตัง	ตึง-ตัง		ิงปืนผึงตึงตังประดังเสีย
รู้แจ้ง	รู้-แจ้ง		าสืบเสาะรู้แจ้งแถลงไขเขาไ
นางสาว	นาง-สาว		ั่งเหล่านางสาวศรีให้จัดเ
ยุคเข็ญ	ยุก-เข็น		นสุขสิ้นยุคเข็ญมัธยัสถ์ตั
มนเทียร	มน-เทียน		้าในห้องมนเทียรวิเชียรพรา
เหมือนกับ	เหมือน-กับ		ยาพาหลับเหมือนกับตายเพราะอุ
ป่วนปั่น	ป่วน-ปั่น		าตันทั้งป่วนปั่นในนภางค์กล
สมหวัง	สม-หวัง		พร้อมหมดสมหวังดั่งประสงค
ละคร	ละ-คอน		็นหมู่ดูละครพวกเจ้าชู้
กำบัง	กำ-บัง		งโล่ดั้งกำบังกาย¦ได้อ้า
เรื่อยเฉื่อย	เรื่อย-เฉื่อย		ัสสรลมก็เรื่อยเฉื่อยสบายกระจาย
บังอร	บัง-ออน		ในนครทูลบังอรแม่หัวเจ้า
สิทธา	สิท-ทา		านชลาสามสิทธาขึ้นไปนั่ง
เอมโอช	เอม-โชด		มสรวลกินเอมโอชโภชนาเวลาค
สัประยุทธ์	สับ-ปะ-รุด		ที่รบรับสัประยุทธ์โยนชุดไฟแต
ต้านทาน	ต้าน-ทาน		กยกออกมาต้านทานแสนสำราญเร
เซ็งแซ่	เซ็ง-แซ่		นพลขันธ์เซ็งแซ่แลไสวท้าวก
อาณาจักร	อา-นา-จัก		ยในลังกาอาณาจักรพวกสำนักอย
สำนวน	สำ-นวน		ถ้อยคำในสำนวน¦พวกล้าต้า
ไปเที่ยว	ไป-เที่ยว		ินวงอ้อมไปเที่ยวใส่ยา¦ครั้
ชีเปลือย	ชี-เปลือย		งเกาะที่ชีเปลือยเมื่อแรกมา
ค้าขาย	ค้า-ขาย		หรือจะมาค้าขายทั้งนายบ่า
ต่อต้าน	ต่อ-ต้าน		พลทหารไปต่อต้านดูฤทธิ์อย่
เดินทาง	เิิน-ทาง	sound mismatch @1 (เดิน vs เิิน)	อากฎหมายเดินทางกลางทะเลใค
รูปร่าง	รูบ-ร่าง		นอาจารย์รูปร่างสำอางตาแล้
ภูมี	พู-มี		้าไปเฝ้าภูมีที่ประทับน
แต่ไหน	แต่-ไหน		ถามทักมาแต่ไหนจนไก่ขันเป
บัดสี	บัด-สี		จะว่าน่าบัดสีไม่รักเรีย
ตักษัย	ตัก-ไส		ตริย์แทบตักษัยแต่บรรดาเช
ความจริง	ความ-จิง		ะวิงเป็นความจริงที่ในจิตไม
โรคา	โร-คา		นคัลลามีโรคาป่วยบ้างหร
ถอยหลัง	ถอย-หลัง		สั่งแล้วถอยหลังไปถึงศาลอ่
กินข้าว	กิน-ข้าว		วกถือศีลกินข้าวพองหน่อยก็
กระบวนแห่	กระ-บวน-แห่		ลังก์ทองกระบวนแห่แตรฝรั่งหม
ตะโกน	ตะ-โกน		ก้องร้องตะโกน¦ให้ตีกลอง
หวั่นหวาด	หวั่น-หวาด		ังฆราชแกหวั่นหวาดเต็มทีไม่ม
วิมล	วิ-มน		ฏดวงอุบลวิมลฉายไปธานีท
ตั้งเข็ม	ตั้ง-เข็ม		ปักทวนธงตั้งเข็มตรงตามแผนต
สินธพ	สิน-ทบ		ามาลีขี่สินธพทหารรบยืนร
กลอกกลับ	กลอก-กลับ		ม่ช้ำชอกกลอกกลับเข้ารับรบม
ลูบไล้	ลูบ-ไล้		ทำไว้เอาลูบไล้ถ้วนทั่วตั
ใจพระ	ใจ-พระ		ลานรำคาญใจพระตรัสว่าอาเ
ทำการ	ทำ-กาน		อาวรณ์จะทำการไม่ถนัดยัง
อาลักษณ์	อา-ลัก		งกา¦สั่งอาลักษณ์พนักงานแต่
เกลี้ยกล่อม	เกลี้ย-กล่อย	sound mismatch @2 (กล่อม vs กล่อย)	รารถนาจะเกลี้ยกล่อมไว้ใช้ไปลั
ชมพู	ชม-พู		นจังหวัดชมพูภพย่อมปราร
พิพัฒน์	พิ-พัด		ยสวัสดิ์พิพัฒน์ผลให้ผ่องพ
บิตุ	บิ-ตุ		ิญพระบาทบิตุรงค์เผ่าพง
ยิ้มย่อง	ยิ้ม-ย่อง		รถอนุญาตยิ้มย่องสนองไขเป็น
เล้าโลม	เล้า-โลม		อ้อยอิ่งเล้าโลมโฉมสมรทั้ง
ไพริน	ไพ-ริน		าทไปปราบไพริน¦ตามเรื่อง
ชะแง้	ชะ-แง้		แค้นแหงนชะแง้อีตอแหลทำใ
แค้นเคือง	แค้น-เคือง		อบแทนที่แค้นเคืองให้ลือเลื่
ได้คิด	ได้-คิด		งกระไรมิได้คิดช่างมืดมิด
ประหาร	ประ-หาน		ักษณ์หักประหารการรำพึงคิ
ทำนาย	ทำ-นาย		าเฒ่าคอยทำนายถวายฤกษ์พอ
ท้องทะเล	ท้อง-ทะ-เล		่องมาตามท้องทะเลวนชลใสแต่แ
พบเห็น	พบ-เห็น		กูไม่เคยพบเห็นหน้าเป็นหน
คลึงเคล้า	คลึง-เคล้า		ินภุมรินคลึงเคล้าเสาวคนธ์¦ม
ขี่ม้า	ขี่-ม้า		นนางนั้นขี่ม้านำหน้าพล¦บ
เสียใจ	เสีย-ใจ		ดจิตระทดเสียใจมิใคร่หายจ
ครบครัน	ครบ-ครัน		หอรบขึ้นครบครันอย่าให้ทัน
ต้องตาม	ต้อง-ตาม		นความให้ต้องตามบทเบื้องเร
รุ่งแจ้ง	รุ่ง-แจ้ง		ยบถวายพอรุ่งแจ้งแสงสุวรรณพ
ต่อแย้ง	ต่อ-แย้ง		าแรงเข้าต่อแย้งมิได้ย่นทั
กระชั้น	กระ-ชั้น		ล้ฉายไก่กระชั้นขันเกริ่นบ
รางวัล	ราง-วัน		ูใหญ่ได้รางวัลเจ้าเมืองน
ลมจับ	ลม-จับ		ิ้งอาวุธลมจับวิ่งสับสนม
ระคาง	ระ-คาง		หมองหมางระคางคายตามสบาย
เทวา	เท-วา		งศาสนาขอเทวาช่วยบำรุงซ
เรี่ยวแรง	เรี่ยว-แรง		หลงละโมบเรี่ยวแรงต้องแข็งขื
พิลึก	พิ-ลึก		ปืนสนั่นพิลึกลั่นก้องฟ้
แทบจะ	แทบ-จะ		ดพลับพลาแทบจะเอนระเนนลง
ตำรับ	ตำ-บับ		าหลีคลี่ตำรับแล้วนั่งนั
สิงคลี	สิง-คลี		ายิงเป็นสิงคลีเรือประดาห
หยาบคาย	หยาบ-คาย		แกเป็นคนหยาบคายหลายประการ
ฟาดฟัน	ฟาด-ฟัน		ยกเข้าตีฟาดฟันประจัญบานท
ชาวบ้าน	ชาว-บ้าน		ยาหารที่ชาวบ้านริมท่าชลาส
ฉิบหาย	ฉิบ-หาย		ัวริบให้ฉิบหายบาทหลวงขับ
รี้พล	รี้-พน		นคิรีจัดรี้พลแล้วขึ้นบน
พิฆาต	พิ-คาด		ังฆราชมาพิฆาตเข่นฆ่าอย่
การสงคราม	กาน-สง-คราม		รื่องงานการสงคราม¦ว่าข้าแต่
ความคิด	ความ-คิด		่แพ้คนสมความคิดจิตเปรมเกษ
ลงยา	ลง-ยา		อานฝรั่งลงยาราชาวดีใส่
สามัญ	สา-มัน		นบาลีว่าสามัญตัณหาพาให้
ดำรัส	ดำ-รัด		มุกดาหารดำรัสการแก่ขุนน
กำแหง	กำ-แหง		กทหารชาญกำแหงท้าวโกสัยข
พิโรธ	พิ-โรด		งแค้นแสนพิโรธให้ฉุนโกรธ
ระกำ	ระ-กำ		อ้แสนช้ำระกำทรวงเจ็ดกษ
น่ารัก	น่า-รัก		ไม่เบื่อน่ารักลักขณากระน
เพ่งพิศ	เพ่ง-พิด		สินสมุทรเพ่งพิศคิดฉงนค่อย
ฉันทา	ฉัน-ทา		ารมณ์คืนฉันทากล้านักมัก
นึกถึง	นึก-ถึง		สำรวมกิจนึกถึงวงศ์เผ่าพง
ร้อนใจ	ร้อน-ใจ		ยุดหย่อนร้อนใจทั้งไพร่พล
อื้ออึง	อื้อ-อึง		าโห่ร้องอื้ออึงคะนึงไป¦ไม
ชื่นใจ	ชื่น-ใจ		รมปรีดิ์ชื่นใจใครจะปานพร
เสียแล้ว	เสีย-แล้ว		ก็ว่าตายเสียแล้วก็แล้วไป¦ถ
เป็นใหญ่	เป็น-ไหย่		อนพระทัยเป็นใหญ่หลวงอนาถนอ
ยิ่งกว่า	ยิ่ง-กว่า		นรักเมียยิ่งกว่ากูผู้เป็นพ
ธรรมเนียม	ทำ-เนียม		ต้นรำตามธรรมเนียมจงเตรียมกา
บรรจบ	บัน-จบ		ันธ์เข้าบรรจบอังกุหร่าพ
ตะลุมบอน	ตะ-ลุม-บอน		งตีกลุ้มตะลุมบอนพวกประตูคร
เพทุบาย	เพ-ทุ-บาย		กพูดเกเรเพทุบายอีท้องลายห
กำเริบ	กำ-เริบ		ติอังกฤษกำเริบจิตปรีดิ์เ
เจ็บไข้	เจ็บ-ไข้		อหนุนไม่เจ็บไข้เลยนะวะเดช
เฉียวฉุน	เฉียว-ฉุน		ี้ยวทั้งเฉียวฉุนสอนอ้ายพวก
สำรับ	สำ-รับ		วววับสามสำรับพานทองใส่ข
ลูกเขย	ลูก-เขย		โกสัยได้ลูกเขยกูไม่เคยพบ
อาจหาญ	อาด-หาน		ิวาทอย่าอาจหาญรักษาตัวไว
คลุกคลี	คลุก-คลี		่บุกเข้าคลุกคลีสกัดตีแตกย
ยากเย็น	ยาก-เย็น		้วไป¦ถึงยากเย็นเป็นตายจะไ
หนหลัง	หน-หลัง		รื่องต้นหนหลังอย่างที่กล
โศกเศร้า	โสก-เส้า		วายวิโยคโศกเศร้าบรรเทาในที
ชะง่อน	ชะ-ง่อน		งั่นเป็นชะง่อนก้อนศิลา¦ท
ยี่สิบ	ยี่-สิบ		ืนผาถ้วนยี่สิบสองนัดให้ย
กระโดด	กระ-โดด		ังปัดโลดกระโดดโผนไม่ถูกต
พานพบ	พาน-พบ		มจนจบไม่พานพบพวกมันต้อง
พบปะ	พบ-ปะ		ศูรย์ได้พบปะสุริย์วงศ์
สำรวม	สำ-รวม		ยประการ¦สำรวมจิตกิจอย่า
เวียนวน	เวีย-นวน		พลเที่ยวเวียนวนบอกไปทั้งไ
บรรทุก	บัน-ทุก		ยงดิบสุกบรรทุกเรือทั้งข้
ว่านเครือ	ว่าน-เครือ		ูกหลานในว่านเครือ¦เวลานั้นพ
ไฟไหม้	ไฟ-ไม่		ร้านเป็นไฟไหม้ตะบึงคนหนี
เสียงก้อง	เสียง-ก้อง		ังประดังเสียงก้องสำเนียงโกล
ภูธร	พู-ทอน		้องดูพระภูธรยังอุ่นอ่อ
จะแจ้ง	จะ-แจ้ง		ย์ฉายจวนจะแจ้งแสงหิรัญกา
ประสิทธิ์	ประ-สิด		ีมีฤทธิ์ประสิทธิ์เสกเป็นก้อ
ประไพ	ประ-ไพ		ฉมยงองค์ประไพวิไลลักษณ์
ระยำ	ระ-ยำ		ลางสัตว์ระยำซ้ำสามตะกล
ชันษา	ชัน-สา		งแรกรุ่นชันษาสิบห้าปี¦น
แต่ไกล	แต่-ไกล		ขอบแดงดูแต่ไกลดั่งไฟโหมแ
เรืองรอง	เรือง-รอง		ส่สะอิ้งเรืองรองล้วนทองคำด
ข้าเจ้า	ข้า-เจ้า		ยเขาสั่งข้าเจ้ามาประณตบทศ
ช่วงชิง	ช่วง-ชิง		งผู้หญิงช่วงชิงกัน¦เจ้าพว
สำรวล	สำ-รวน		ไคล¦ต่างสำรวลสรวลสันต์ด
ขอบใจ	ขอบ-ใจ		ัสตอบว่าขอบใจพ่อคิดได้ด
ที่พึ่ง	ที่-พึ่ง		านี้เป็นที่พึ่งเปรียบเหมื
แคล้วคลาด	แคล้ว-คลาด		้แล้วแต่แคล้วคลาดแสนอนาถนึก
ค่ำคืน	ค่ำ-คืน		ประจำทุกค่ำคืนคนทั้งหมื่
ดารา	ดา-รา		สงสุริยาดารากรศศิธรแจ่
หน่ายหนี	หน่าย-หนี		หาญให้จะหน่ายหนีเจ้าจงไปไต
ว่าด้วย	ว่า-ด้วย		มหนำพร่ำว่าด้วยวาจังจะนอน
อำนาจ	อำ-นาด		วิไลด้วยอำนาจยักขินีมัน
รีบรุด	รีบ-รุด		นถีบแล้วรีบรุดไม่ยั้งหยุ
ที่อยู่	ที่-อยู่		อาศัยพวกที่อยู่ยับยั้งระว
ภักดี	พัก-ดี		สมุทรสุดภักดีกับอรุณรัศ
ย่อยยับ	ย่อย-ยับ		ตกกระพือย่อยยับทุกทัพชัย¦
แต่งตัว	แต่ง-ตัว		รีบออกมาแต่งตัวแล้วมั่วสุ
สุรา	สุ-รา		ถ้าเคล้าสุราตามตำราใส่
กองหน้า	กอง-หน้า		ีไล่ทหารกองหน้าเข้าราวีเร
ทนทาน	ทน-ทาน		ตกย่นไม่ทนทานพากันแตกกล
เตรียมการ	เตรียม-กาน		าหลานให้เตรียมการค่ายคูดูรั
โอบอ้อม	โอบ-อ้อม		จงรักกันโอบอ้อมถนอมใจทั้ง
ห้องหับ	ห้อง-หับ		แกออกจากห้องหับจับกระบี่ล
เอื้อนอรรถ	เอื้อ-นัด	sound mismatch @1 (เอื้อน vs เอื้อ)	่าขานจึงเอื้อนอรรถตรัสไปว่าใ
ตามอย่าง	ตาม-หย่าง		ียงเพราะตามอย่างปางประถมสี
ศิโรราบ	สิ-โร-ราบ		กรานกราบศิโรราบพระมุนินทร
ราวเรื่อง	ราว-เรื่อง		้สืบข่าวราวเรื่องทุกเมืองบ้
จำเรียง	จำ-เรียง		ื้อยแจ้วจำเรียงส่งเสียงใส
ส่งเสียง	ส่ง-เสียง		องดงพลางส่งเสียงนกแก้วพลอด
ตำหรับ	ตำ-หรับ		่ถ้วนตามตำหรับฉบับครู¦มึ
สันดอน	สัน-ดอน		ดท่าหน้าสันดอนพลนิกรขานโ
โกรธขึ้ง	โกรด-ขึ้ง		่าถือโทษโกรธขึ้งตะบึงตะบอน
บุรุษ	บุ-หรุด		ฉลาดยิ่งบุรุษสุดขยันเกณ
กามา	กา-มา		กฤๅษีเสวกามาข้างหลังเด
กระพือ	กระ-พือ		ค่ายไหม้กระพือทั้งห้าค่า
แย้มยิ้ม	แย้ม-ยิ้ม		บือน¦พระแย้มยิ้มพริ้มพรายว
กังวล	กัง-วน		ยัสถ์ตัดกังวลทั้งสวดมนต
หมายมั่น	หมาย-มั่น		ึงตันคิดหมายมั่นแต่จะใคร่ไ
หนักหน่วง	หนัก-หน่วง		ห่วงต้องหนักหน่วงในอุระยังส
ยุพาพาล	ยุ-พา-พาน		โฉมมัจฉายุพาพาลเยาวมาลย์จ
ทรามวัย	ซาม-ไว		ามยามนางทรามวัย¦ฉันทูลเปร
เทวี	เท-วี		ทุกทีพระเทวีหวั่นหวาดป
เลิกทัพ	เลิก-ทับ		้กลับจึงเลิกทัพโยธาออกล่า
ชุลี	ชุ-ลี		บสั่งสอนชุลีกรนอบนบคำร
ดวงจิต	ดวง-จิด		งเข้าจับดวงจิตออกกระบอกห
คลี่คลาย	คลี่-คลาย		วงสุมาลีคลี่คลายขยายดวงจนโ
กันดาร	กัน-ดาน		ายตามยามกันดาร¦พระร่ำเรี
หยาบหยาม	หยาบ-หยาม		ตะกลามมาหยาบหยามข่มเหงไม่เ
ตอแหล	ตอ-แหล		ูยังจะมาตอแหลเล่นแก่กูช
ไพล่	ไพ-ล่		พลไกรใครไพล่เผลเอากฎหม
มุกดาหาร	มุก-ดา-หาน		ะโรงรจนามุกดาหารก็เชิญพานค
ที่สุด	ที่-สุด		ินดีเป็นที่สุดเข้าในกุฏิ
นงคราญ	นง-คราน		ฝ่ายองค์นงคราญผู้มารดาจู
แข็งขืน	แข็ง-ขืน		วแรงต้องแข็งขืนเกิดทิษฐิท
นายใหญ่	นาย-ไหย่		ือให้กับนายใหญ่เสนาในรีบเ
ลึกซึ้ง	ลึก-ซึ้ง		ก่อศึกมาลึกซึ้งรู้ไม่ถึงม
คงทน	คง-ทน		ถพินทั้งคงทนมนต์เวทวิเ
ถลัน	ถะ-หลัน		คนมากโดดถลันด้วยขันแข็
เอาแต่	เอา-แต่		ื้อคงถือเอาแต่ตาเฒ่านี้แ
มดี	มะ-ดี		นีเอาความดีสอนให้ในสั
เหมือนกัน	เหมือน-กัน		์อัดอั้นเหมือนกันหมดโศกกำสร
แออัด	แอ-อัด		เกณฑ์แห่แออัดจัตุรงค์ทั
ไพรระหง	ไพร-ระ-หง		งพุ่มไม้ไพรระหงพอบังแสงพร
ดุเหว่า	ดุ-เหว่า		งสำเนียงดุเหว่าแว่วแจ้วเจ
ระหง	ระ-หง		่มไม้ไพรระหงพอบังแสงพร
เยื้องย่าง	เยื้อ-ย่าง	sound mismatch @1 (เยื้อง vs เยื้อ)	สนใจแล้วเยื้องย่างไปทางถนนหล
เจ้าของ	เจ้า-ของ		ิงเอาจากเจ้าของพวกฝรั่งวิ
ไพร่ฟ้า	ไพร่-ฟ้า		กธานีอันไพร่ฟ้าประชาชนออก
สุริยัน	สุ-ริ-ยัน		บดั่งดวงสุริยันตะวันเดือน
เปลี่ยวใจ	เปลี่ยว-ใจ		อยฤทัยจะเปลี่ยวใจกัลยาในวาร
ละเลย	ละ-เลย		อาเอ๋ยจะละเลยพงศ์เผ่าให
เทพิน	เท-พิน		องการพระเทพินยินคำพี่เล
อับอาย	อับ-อาย		มลับความอับอายอย่าแพร่งพ
อวยชัย	อวย-ไช		โหรานั้นอวยชัยถวายพรจงสุ
มืดมิด	มืด-มิด		้คิดช่างมืดมิดบังเงาแม่เ
บ่าวไพร่	บ่าว-ไพร่		นีไปทั้งบ่าวไพร่เจ็บป่วยไป
คนละ	คน-ละ		ทาน้ำมันคนละผืนตั้งราย
ติดพัน	ติด-พัน		ามคิดคอยติดพันจะยกกันกรู
กีดขวาง	กีด-ขวาง		ย่าให้มีกีดขวางทางประจญ¦เ
สะท้อน	สะ-ท้อน		รายกรโห่สะท้อนสามลาเข้าป
ลือชา	ลือ-ชา		้ชื่อให้ลือชา¦เฮ้ยนี้แน
หลบหลีก	หลบ-หลีก		ลบข้าไม่หลบหลีกลี้หนีไปไห
ฟูมฟาย	ฟูม-ฟาย		สียดายแกฟูมฟายชลนาให้อาว
กระซิบ	กระ-ซิบ		ล่าวเล่ากระซิบดั่งน้ำทิพ
ดูเหมือน	ดู-เหมือน		นควันโหมดูเหมือนหมอกหอบน้ำ
เสื้อผ้า	เสื้อ-ผ้า		้วรับของเสื้อผ้าทูลลาไป¦เช
ลัดแลง	ลัด-แลง		้ขามค่อยลัดแลงแปลงแปลกเป
ลูกไม้	ลูก-ไม้		ถวิลทั้งลูกไม้จานรองล้วน
ดีแล้ว	ดี-แล้ว		อยากข้างดีแล้วฉุนแค้นมัง
อินทรีย์	อิน-ทรี		งกสิณให้อินทรีย์ลอยขึ้นที่
นายท้าย	นาย-ท้าย		งหลายฟังนายท้ายโยนดิ่งทิ้
อ้อนวอน	อ้อน-วอน		าพาลจำจะอ้อนวอนครูท่านผู้
คนงาน	คน-งาน		ต้นหนพวกคนงานจงคิดการยั
ถอยกลับ	ถอย-กลับ		อากองทัพถอยกลับไปสั่งให้ต
ทุกเวลา	ทุก-เว-ลา		โอชโภชนาทุกเวลาจัดนางพวกข
แม่เลี้ยง	แม่-เลี้ยง		สรวลเห็นแม่เลี้ยงเลี่ยงหลบเ
ตัดทาง	ตัด-ทาง		นแกให้คนตัดทางแยกห่างไป¦
เกือบจะ	เกือบ-จะ		ให้ขับพลเกือบจะถึงธารท่าเ
ล้อมรอบ	ล้อม-รอบ		งให้ค่ายล้อมรอบเป็นขอบคัน
เกณฑ์หัด	เกน-หัด		่งให้พวกเกณฑ์หัดจัดกระบวนไ
โห่ร้อง	โห่-ร้อง		พกองอย่าโห่ร้องอื้ออึงคะน
ยกพล	ยก-พน		ันตกเร่งยกพลเหล่าพหลเด
เหลือทน	เหลือ-ทน		กหนาวล้นเหลือทนทานจะหักหา
กลอุบาย	กลอ-บุ-ยา	sound mismatch @3 (บาย vs ยา)	ห็นแยบยลกลอุบาย¦อย่าให้พว
แจ่มกระจ่าง	แจ่ม-กระ-จ่าง		ากรศศิธรแจ่มกระจ่างดังกลางวัน
เต็มประดา	เต็ม-ประ-ดา		ห็นจะลึกเต็มประดานิจจาเอ๋ยเ
ยามดึก	ยาม-ดึก		าไสยาถึงยามดึกฝึกสอนในกา
เป็นผล	เป็น-ผน		ิดเห็นจะเป็นผลเราคิดทำโค
พลิกฟื้น	พลิก-ฟื้น		นพระฤๅษีพลิกฟื้นตื่นไสยาสน
คั่งแค้น	คั่ง-แค้น		ทหลวงฟังคั่งแค้นแสนพิโรธให
วิงวอน	วิง-วอน		งราษฎรมาวิงวอนขอกษัตริย์
ดีร้าย	ดี-ร้าย		นหมายมันดีร้ายพวกเรือแตก
เป็นสำคัญ	เป็น-สำ-คัน		ปักประจำเป็นสำคัญ¦เรือที่นั
พริ้มพราย	พริ้ม-พราย		ทับทิมดูพริ้มพรายสังวาลสายม
เกศี	เก-สี		ประนมก้มเกศีพระปิ่นปกอ
เกรงใจ	เกรง-ใจ		่มเหงไม่เกรงใจกูก็เป็นฝร
เที่ยงคืน	เที่ยง-คืน		นคลื่นจนเที่ยงคืนลมใหญ่ก็ไม
ต้องประสงค์	ต้อง-ประ-สง		่สิ่งของต้องประสงค์แล้วให้เรี
หยุดพัก	หยุด-พัก		อบฮักแก่หยุดพักบริกรรมธรร
พร้อมหน้า	พร้อม-หน้า		้ามานั่งพร้อมหน้าแล้วปราศรั
อยู่แล้ว	อยู่-แล้ว		็นควรการอยู่แล้วเจ้าอย่าเศ
โทษา	โท-สา		ขอประทานโทษาฝ่าละอองที
อาณาเขต	อา-นา-เขด		ปในลังกาอาณาเขตเที่ยวบอกเ
รู้เท่า	รู้-เท่า		งอนเพราะรู้เท่าเยาวลักษณ์
ประสม	ประ-สม		หาน้ำมันประสมดินปืนไว้จ
หยุดหย่อน	หยุด-หย่อน		สิงหลไม่หยุดหย่อนร้อนใจทั้ง
สะท้าน	สะ-ท้าน		กว่งขวานสะท้านไหวออกโลดเ
ป่าดง	ป่า-ดง		้ค้นทั้งป่าดงพงพฤกษาไม่
ประชุม	ประ-ชุม		ปช่วยกันประชุมช่วยคุ้มขั
ผีสาง	ผี-สาง		ที่เมืองผีสางจะประสงค์ส
สำเหนียก	สำ-เหนียก		ลางเรียกสำเหนียกใจ¦พระเหลื
สินธู	สิน-ทู		ล่องท้องสินธู¦ฝ่ายองค์ท
อ่อนหวาน	อ่อน-หวาน		งวอนด้วยอ่อนหวานข้าขอบวชชี
ปรองดอง	ปรอง-ดอง		ลละอองจะปรองดองโปรดปรานปร
เพราะว่า	เพราะ-ว่า		งเหลือทนเพราะว่าฝนยังไม่หย
กระจัดกระจาย	กระ-จัด-กระ-จาย		หลายพลัดกระจัดกระจาย¦ฝ่ายต้นหน
คลาดแคล้ว	คลาด-แคล้ว		่แล้วแต่คลาดแคล้วจากสถานนาน
ที่นอน	ที่-นอน		ื่อยอ่อนที่นอนเมาให้กินข
แสงไฟ	แสง-ไฟ		ฆแดงเป็นแสงไฟตั้งขึ้นใน
เสียงดัง	เสียง-ดัง		องประสานเสียงดังก้องวังเวง
พักตรา	พัก-ตรา		ิ้นสลบซบพักตราอยู่บนแท่น
ระบาย	ระ-บาย		ีคลี่สายระบายใบออกแล่นไ
เข้าหา	เข้า-หา		้างศาสนาเข้าหาพ่อจะตอบต่
ทูลถาม	ทูน-ถาม		พลางแล้วทูลถามว่าพระองค์
หากิน	หา-กิน		มาเที่ยวหากินพระทราบสิ้
เห็นดี	เห็น-ดี		าวปตาหวีเห็นดีเหลือได้เป
ตามหลัง	ตาม-หลัง		าวแขกติดตามหลังแกสั่งสอนแ
พร้อมทั้ง	พร้อม-ทั้ง		ม่ยินยอมพร้อมทั้งเมืองพระจะ
ออกรบ	ออก-รบ		ไม่โงหัวออกรบสลบนิ่งเหม
คนธรรพ์	คน-ทับ		นแข็งพวกคนธรรพ์ถือวิชาทั้
ตัณหา	ตัน-หา		ว่าสามัญตัณหาพาให้โลภหล
เคารพ	เคา-รบ		ดาบนอบนบเคารพสามลุกออกจ
คะนอง	คะ-นอง		งฝนฟ้าก็คะนองร้องไม่หยุ
สูญหาย	สูน-หาย		อาดูรให้สูญหายเจ้าพาพี่ห
ปิดบัง	ปิด-บัง		าของทำฝาปิดบังไว้ดั่งใจป
เช่นนั้น	เช่น-นั้น		ึงว่าถ้าเช่นนั้นค่อยผ่อนผั
คิดเห็น	คิด-เห็น		เห็นจะดีคิดเห็นจะเป็นผลเร
พนา	พะ-นา		งก้องฟ้าพนาวัน¦สาลิกา
ทูนหัว	ทูน-หัว		ุกูลเถิดทูนหัวอันข้าศึกม
หรือว่า	หรือ-ว่า		จะทำเข็ญหรือว่าพระวิญญาณบ
วิมาน	วิ-มาน		รรค์ชั้นวิมานศาสนาข้างเ
ได้ข่าว	ได้-ข่าว		าพงศาไม่ได้ข่าวคราวใครในล
กิริยา	กิ-ริ-ยา		หลวงเห็นกิริยาว่าอ้ายนี่
รำคาญใจ	รำ-คาน-ใจ		ปดอกหลานรำคาญใจพระตรัสว่า
ผัวเมีย	ผัว-เมีย		บตัวทั้งผัวเมียแกตรองตรึก
นินทา	นิน-ทา		ติฉินการนินทาก็มาปรากฏร
เชยชม	เชย-ชม		จะให้ชิดเชยชมประสมสองจำ
ระคาย	ระ-คาย		ืองเคืองระคายต่างนัดหมา
เมื่อคราว	เมื่อ-คราว		ยฝ่าเท้าเมื่อคราวจนมึงนี้ชา
เกื้อหนุน	เกื้อ-หนุน		ดเหลือจะเกื้อหนุนว่าผู้ใดใจ
ปล่อยไป	ปล่อย-ไป		ฟใส่ไกกลปล่อยไปบนเวหาสักห
ซักไซ้	ซัก-ไซ้		ญจวนแล้วซักไซ้ไต่ถามถึงท
ต้องการ	ต้อง-กาน		ขัดขืนจะต้องการสิ่งไรในกล
จำได้	จำ-ได้		ม่ใคร่จะจำได้ในตำราบาทห
ขอโทษ	ขอ-โทด		ขึ้งโกรธขอโทษเถิดถ้าละเ
สู้ตาย	สู้-ตาย		นหมูแล้วสู้ตายถ่มน้ำลายท
เข้าที่	เข้า-ที่		ันไคลคลาเข้าที่ท่าเมืองด่
ที่รัก	ที่-รัก		วีขอเป็นที่รักใคร่อาลัยถ
ล่วงรู้	ล่วง-รู้		นางปีศาจล่วงรู้เพราะหูผีแ
แต่ว่า	แต่-ว่า		มาแต่ไหนแต่ว่าพราหมณ์นาม
ตำรวจ	ตำ-หรวด		ำหนักน้ำตำรวจนำไปถึงท่า
ดับไฟ	ดับ-ไฟ		นให้ทหารดับไฟไหม้เป็นคว
แจ่มแจ้ง	แจ่ม-แจ้ง		่เบิกบานแจ่มแจ้งแสงอุทัย¦ล
ดวงใจ	ดวง-ใจ		ะหาไหนในดวงใจอิ่มเอมเกษ
จับยาม	จับ-ยาม		ท่านช่วยจับยามตามตำราหรื
อยู่ดี	อยู่-ดี		นเครือจะอยู่ดีปรีดิ์เปรม
พ่อแม่	พ่อ-แม่		างบ่นว่าพ่อแม่แก่ชราทั้ง
อำลา	อำ-ลา		แล้วพิไรอำลาด้วยอาวรณ์
นุ่งห่ม	นุ่ง-ห่ม		งแต่งตัวนุ่งห่มให้สมศรีทั
ครึกโครม	ครึก-โครม		ดึกเสียงครึกโครมพอลมล่องกอ
หารือ	หา-รือ		นตำราที่หารือ¦พวกเสนาฝร
ศักดิ์ศรี	สัก-สี		ักพักไว้ศักดิ์ศรีครั้นจะนิ่
ภูผา	พู-ผา		ดินดูตามภูผาเห็นจินดาข
ลงนั่ง	ลง-นั่ง		ม่ได้การลงนั่งเซาเหงาหงอ
แก้แค้น	แก้-แค้น		ฝ่าฝืนจะแก้แค้นเอาพาราลัง
องอาจ	อง-อาด		ังฆราชแกองอาจดีจริงยิ่ง
โจมตี	โจม-ตี		หมคอยกระโจมตีตัดจัดทหาร
ทองคำ	ทอง-คำ		งรองล้วนทองคำดูคมขำพริ้
ดุดัน	ดุ-ดัน		นมันแล้วดุดันเกรี้ยวกรา
กลับกลาย	กลับ-กลาย		ก็มักให้กลับกลายถึงร่างกาย
ลำเลียง	ลำ-เลียง		ยนเสบียงลำเลียงได้พอจัดให
อิ่มหนำ	อิ่ม-หนำ		วังครั้นอิ่มหนำพร่ำว่าด้ว
ขึ้นบก	ขึ้น-บก		ายขวาไม่ขึ้นบกวกลงข้างคง
เมามัว	เมา-มัว		้นเซายังเมามัวกินกันทั่ว
ผู้ทรง	พู่-ซง		มพระองค์ผู้ทรงธรรม์บังคม
สอบสวน	สอบ-สวน		ะบอบเร่งสอบสวนสั่งทหารฝ่
ฮ้าเฮ้ย	ฮ้า-เฮี้ย	sound mismatch @2 (เฮ้ย vs เฮี้ย)	ทหลวงว่าฮ้าเฮ้ยออศิษย์หาก
อวยพร	อวย-พอน		้หายพลางอวยพรโพยภัยอย่า
พอใจ	พอ-ใจ		่างทางไปพอใจเพลินรีบดำ
ทะลึ่ง	ทะ-ลึ่ง		ยงอึงโลดทะลึ่งเลี้ยวลัดส
เกี้ยวพาน	เกี้ยว-พาน		นออกยุ่งเกี้ยวพานสำราญใจ¦ฝ่
บ้ากาม	บ้า-คาม		างหงส์สิบ้ากามปัวเปียจนเ
กระเด็น	กระ-เด็ด	sound mismatch @2 (เด็น vs เด็ด)	ดสวาทขาดกระเด็นลงตรองเห็น
เป็นควัน	เป็น-ควัน		ุริยาฟ้าเป็นควันจะด้นดั้นแ
สังเวช	สัง-เวด		งต่างเพศสังเวชใจ¦ฝ่ายพระ
ฝีปาก	ฝี-ปาก		จะใคร่ตีฝีปากตอบผิดระบอ
เข้าใกล้	เข้า-ไกล้		ียงชัยพอเข้าใกล้พวกรู้จักพ
พะวง	พะ-วง		ยลิบอย่าพะวงส่งให้ถึงข
คู่เคียง	คู่-เคียง		รียงเป็นคู่เคียงใส่ยาทั้งห
หลีกเลี่ยง	หลีก-เลี่ยง		ที่ยงคิดหลีกเลี่ยงเสียบ้างหว
ห่วงใย	หว่ง-ไย		่วงเพราะห่วงใย¦แต่ยังไม่
นงนุช	นง-นุด		เข้ามาขอนงนุชบุตรีศรีสว
มอดม้วย	มอด-ม้วย	sound mismatch @1 (มอ vs มอด)	ถบทจร¦จะมอดม้วยลงด้วยทุกข
ดินหู	ดิน-หู		นใหญ่ใส่ดินหูลากมาไว้สอ
พะงา	พะ-งา		สองกัลยาพะงางอนด้วยอาว
งอนง้อ	งอน-ง้อ		นกูก็ไม่งอนง้อมาขอทานอัน
พอได้	พอ-ได้		รอกไปหมดพอได้รสต่างผงกบ
โลมเล้า	โลม-เล้า		ยคงจะคิดโลมเล้าเอาอีเมียไ
เพียงนี้	เพียง-นี้		วพาทีการเพียงนี้ไม่สู้ยากล
ประทานโทษ	ประ-ทาน-โทด		ริ้วโกรธประทานโทษพงศ์กษัตริ
จับกุม	จับ-กุม		เสียเชิงจับกุมตะลุมบอน¦จ
ไพรสัณฑ์	ไพร-สัน		ู่ทำไมในไพรสัณฑ์เพราะละวัง
ประเวณี	ประ-เว-นี		นที่นอน¦ประเวณีมีทั่วทุกต
โมลี	โม-ลี		ายพระจอมโมลีศรีสุวรรณท
กรมท่า	กอน-ท่ม	sound mismatch @2 (ท่า vs ท่ม)	จ้งอักษรกรมท่าศาลากลาง¦แ
ของดี	ของ-ดี		มบัติเราของดีก็มีถมแต่ส
ละหาน	ละ-หาน		็นหงส์ลงละหานกระรอกเรีย
ถือว่า	ถือ-ว่า		ลาพาซื่อถือว่าพระอาจารย์
กฎหมาย	กด-หมาย		ล่เผลเอากฎหมายเดินทางกลา
กอดจูบ	กอด-จูบ		ดรอน¦นางกอดจูบลูบหลังพระ
มืดมน	มืด-มน		างวันที่มืดมนอนธการบันด
เล่าเรื่อง	เล่า-เรื่อง		าฤๅษีเองเล่าเรื่องเบื้องหลัง
มาทัน	มา-ทัน		ี่เลี้ยงมาทันใดพระปราศร
สาใจ	สา-ใจ		ับฆ่าให้สาใจ¦เพราะพวกพ
ยักย้าย	ยัก-ย้าย		ใคร่ครวญยักย้ายหลายประการ
บันได	บัน-ได		าชญ์กวาดบันได¦นางฤๅษีขี
ร้ายกาจ	ร้าย-กาด		งหยาบคายร้ายกาจอ้ายชาติกา
ปิดทาง	ปิด-ทาง		้ทอดขวางปิดทางข้างสิงขรท
ตั้งอยู่	ตั้ง-อยู่		ธาสมาทานตั้งอยู่ในศีลห้าไม
หักโหม	หัก-โหม		ดวงโคมจะหักโหมยากแท้ไม่แ
ถ่ายเท	ถ่าย-เท		นตรายคิดถ่ายเทคาดคะเนแสน
เชยชิด	เชย-ชิด		งมิตรที่เชยชิดพุ่มพวงดวง
เสียการ	เสีย-กาน		ยู่นานมาเสียการก็เพราะไทย
เค้ามูล	เค้า-มูน		นทูลเป็นเค้ามูลศึกมาถึงธา
น้องชาย	น้อง-ชาย		จ้าราเมศน้องชายไปไว้ด้วยพ
ย่ำฆ้อง	ย่ำ-ค้อง		ลบค่ำให้ย่ำฆ้องประโคมกลอง
ระย้า	ระ-ย้า		อยโหนโยนระย้าร้องหาผัวบ
พากเพียร	พาก-เพียน		ขียนค่อยพากเพียรตามระบอบที
เรียนรู้	เรียน-รู้		ย่าปูได้เรียนรู้มากมายหลาย
สุดสิ้น	สุด-สิ้น		ประภัสสรสุดสิ้นแสงสุริยาด
นวดฟั้น	นวด-ฟั้น		้ายศิษย์นวดฟั้นคั้นหัวเข่
นวลละออง	นวน-ละ-อง	sound mismatch @3 (ออง vs อง)	ทรามสงวนนวลละอองอย่าขัดข้อ
อ่อนใจ	อ่อน-ใจ		ชื้อไขก็อ่อนใจยากแค้นแสน
เทวัญ	เท-วัน		วิสัยถึงเทวัญชั้นฟ้าสุร
เข้าถึง	เข้า-ถึง		่อให้หลงเข้าถึงแยกทำแตกพล
หัวเราะ	หัว-เราะ		่หวาดไหวหัวเราะพลางทางว่า
รับคำ	รับ-คำ		¦ขุนเสนีรับคำพระดำรัสลา
อายเหนียม	อาย-เหนียม		มฉายทั้งอายเหนียมลงฟุบเฟี้ย
น่ารำคาญ	น่า-รำ-คาน		ไม่พูดจาน่ารำคาญคิดก็เป็นอ
ยิ้มแย้ม	ยิ้ม-แย้ม		่อยสำราญยิ้มแย้มดูแจ่มใสบา
ซูบผอม	ซูบ-ผอม		โศกรูปจนซูบผอมทุกเช้าค่ำ
มาลา	มา-ลา		ปักกุณฑลมาลาขนการะเวกล
คนทรง	คน-ซง		้นมิเข้าคนทรงให้วงศ์วาน
เที่ยงแท้	เที่ยง-แท้		ะแพ้เป็นเที่ยงแท้บุญเขามากย
ข้อความ	ข้อ-ความ		ยทูลถวายข้อความตามคดี¦ส่ว
ป้อมปราการ	ป้อม-ปรา-กาน		เข้าล้อมป้อมปราการชานชลาพวกโ
ทรงพระสรวล	ซง-พระ-สวน		คียงองค์ทรงพระสรวลเห็นแม่เลี
โดยดี	โดย-ดี		ว่ากล่าวโดยดีทั้งรี้พลใ
เสี้ยนหนาม	เสี้ยน-หนาม		บียนเป็นเสี้ยนหนามถึงดับความ
ฟั่นเฟือน	ฟั่น-เฟือน		าเปลี่ยวฟั่นเฟือนเหมือนกับเ
ยุพาพิน	ยุ-พา-พิน		การมารยายุพาพินไม่สุดสิ้น
สัตย์ซื่อ	สัด-ซื่อ		แต่เพียงสัตย์ซื่ออย่าดื้อดึ
ละเลิง	ละ-เลิง		กเปิงลอยละเลิงแล่นมาสิบห
ทำลาย	ทำ-ลาย		โมบครั้นทำลายตายเป็นผีก
บรรเทาทุกข์	บัน-เทา-ทุก		อยบางเบาบรรเทาทุกข์บังเกิดสุข
หุนหัน	หุน-หัน		งขุ่นให้หุนหันเป็นไรมีที
วางวาย	วาง-วาย		าญนางให้วางวาย¦แล้วถือปี
พิมพา	พิม-พา		ยงไสวฝูงพิมพาพาพวกพิมพา
สอพลอ	สอ-พลอ		ย่ามาพูดสอพลอให้อออือกู
ล้นหลาม	ล้น-หลาม		เห็นคนมาล้นหลามขู่ค่ารามแ
ห้อมล้อม	ห้อม-ล้อม		ส์พายแห่ห้อมล้อมบัลลังก์ที
ทั้งนี้	ทั้ง-นี้		ให้อาสัญทั้งนี้เราปลดปลอด
กลายเป็น	กลาย-เป็น		วหวานหายกลายเป็นขมผู้ที่จะ
ลวนลาม	ลวน-ลาม		ปรามอย่าลวนลามหนักไปน้อง
คัมภีร์	คำ-พี		ิโดยวิถีคัมภีร์ไสยก็รู้แท
บรรดามี	บัน-ดา-มี		่องผลผลาบรรดามีมาตั้งที่ส
มาตี	มา-ตี		ยู่นี่ยกมาตีรบพุ่งยุ่ง
ทัพบก	ทับ-บก		วีในบุรีทัพบกเร่งยกไป¦เ
ใหญ่หลวง	ใหย-หลวง	tone lost 1→0	ะทัยเป็นใหญ่หลวงอนาถนอนกรป
เชื่อฟัง	เชื่อ-ฟัง		รเรือหลงเชื่อฟังจะเข้าฝั่ง
เป็นกอง	เป็น-กอง		ใจปองจัดเป็นกองทัพใหญ่เรา
เต้นรำ	เต้น-รำ		้ศาลทั้งเต้นรำตามธรรมเนี
คนอื่น	คน-อื่น		ณฑลมีแต่คนอื่นใช่วงศ์พงศ
ขึ้นแท่น	ขึ้น-แท่น		ระนงคราญขึ้นแท่นรัตน์ชัชวา
ถ้าแม้	ถ้า-แม้		มนึกในใจถ้าแม้นได้เมียมา
กระหนก	กระ-หนก		ท่นบุษบกกระหนกทองประโคมก
กลไก	กน-ไก		่งพวกพลสกลไกรให้รีบไปส
กล้าแข็ง	กล้า-แข็ง		าลังกาสีกล้าแข็งมีขอบแดงดู
ล้อมวง	ล้อม-หวง		ดจุกช่องล้อมวงให้จงดี¦ฝ่
จันทรา	จัน-ทรา		ับฟ้าพระจันทรามืดมัวทั่ว
ฝึกสอน	ฝึก-สอน		นนครเร่งฝึกสอนช้างม้าให้
บาทา	บา-ทา		งทราบใต้บาทาฝ่าธุลีว่า
หมกมุ่น	หมก-มุ่น		หลวงเห็นหมกมุ่นให้ขุ่นหมอ
สู่สม	สู่-สม		ได้คู่มาสู่สมจึ่งแจ้งว่
สักหน่อย	สัก-หน่อย		อห้ามไว้สักหน่อยจึ่งค่อยจร
ว้าเหว่	ว้า-เหว่		งหมองมัวว้าเหว่ระเหระหนไม
จาบัลย์	จา-บัน		บพลาแล้วจาบัลย์¦สามพระองค
คึกคัก	คึก-คัก		ปักเสียงคึกคักโล่แพนดูแน
โสภา	โส-พา		อนมณีศรีโสภาทรงมหามงกุ
ฉุนเฉียว	ฉุน-เฉียว		่คุณอย่าฉุนเฉียวไม่ลวงหลอก
ประทัง	ประ-ทัง		ลือกำลังประทังทน¦อายพวกผ
ถ้าเช่นนั้น	ถ้า-เช่น-นั้น		ัยจึงว่าถ้าเช่นนั้นค่อยผ่อนผั
พระพักตร์	พระ-พัก		ายอาวรณ์พระพักตร์ผ่องเพียงจ
ซักถาม	ซัก-ถาม		พทไสยจึงซักถามตามประสงค์
กำดัด	กำ-ดัด		สุมาลัย¦กำดัดดึกเย็นเยี
หวาดไหว	หวาด-ไหว		นหมองให้หวาดไหวไปทั้งตัวห
ดึงดื้อ	ดึง-ดื้อ		้เสียแม้ดึงดื้อถือตัวทั้ง
จับตัว	จับ-ตัว		ันคงหลับจับตัวสังฆราชมาพ
ฝีมือ	ฝี-มือ		ดพร้อมคนฝีมือที่ซื่อตรง
เดชะบุญ	เด-ชะ-บุน		้เลยนะวะเดชะบุญแต่กูวุ่นพ
น้ำมนต์	น้ำ-มน		อใหญ่ใส่น้ำมนต์ไปตามก้นแก
สาวน้อย	สาว-น้อย		าวจัดสาวสาวน้อยใหญ่ในไอศู
เพลิดเพลิน	เพลิด-เพลิน		เจริญพระเพลิดเพลินพลางเรียกส
คีรี	คี-รี		บพลาหน้าคีรีแล้วจึ่งให
สะอาด	สะ-อาด		่นรวยสวยสะอาดให้เชิญภาช
พ้นภัย	พ้น-ไพ		นทำวนให้พ้นภัย¦ฝ่ายโยคีม
ฝึกฝน	ฝึก-ฝน		ับจนค่อยฝึกฝนสอนกันทุกว
เหรา	เห-รา		เท้าเป็นเหรากุมภาพาลจะ
อาคม	อา-คม		ให้เรียนอาคมประสมจิตผู
พิเคราะห์	พิ-เคราะ		ีความรู้พิเคราะห์ดูเห็นจะแน
สุขี	สุ-ขี		ุกข์เป็นสุขีบ้างร้องทู
ถือศีล	ถือ-สีน		ชะนางพวกถือศีลกินข้าวพอง
ประทม	ประ-ทม		งพรมตื่นประทมพร้อมพระวง
ทั่วประเทศ	ทั่ว-ประ-เทด		้อนราษฎรทั่วประเทศทั้งเศรษฐี
กุมารี	กุ-มา-รี		ตามประสากุมารี¦ฝ่ายพระอง
เจ็บป่วย	เจ็บ-ป่วย		ยด้วยการเจ็บป่วยมันก็เช่นเ
กระดูก	กระ-ดูก		ุ้งคงถูกกระดูกเหลวปัญญาก
จนกระทั่ง	จน-กระ-ทั่ง		ดาประดังจนกระทั่งหน้าม้าร้อ
นางกำนัล	นาง-กำ-นัน		ยสุรางค์นางกำนัล¦บ้างก็ไปค
ร่างกาย	ร่าง-กาย		่าชมชื่นร่างกายหมายว่าดี¦
พันลำ	พัน-ลำ		ำปั่นสักพันลำ¦แล้วหยิบห
แต่ละ	แต่-ละ		ะดับเพชรแต่ละเม็ดแจ่มจั
คุมเหง	คุม-เหง		ถัมภ์ไม่คุมเหงเกรงกลัวเห
ที่ทาง	ที่-ทาง		พราะเป็นที่ทางประโยชน์โพ
ร่ำไป	ร่ำ-ไป		รบกันเลยร่ำไปเพราะใจหวั
จำใจ	จำ-ใจ		มแต่ต้องจำใจรับกับทมิฬ
ให้การ	ให้-กาน		าวแม้นมิให้การใหญ่หลวงยก
ตีเมือง	ตี-เมือง		งทีคิดจะตีเมืองเราเอาเจ้า
อิ่มใจ	อิ่ม-ใจ		ยบาทหลวงอิ่มใจดั่งได้แก้
หน้าเป็น	หน้า-เป็น		คยพบเห็นหน้าเป็นหนูมันละเล
อาณา	อา-นา		ปในลังกาอาณาเขตเที่ยวบ
เป็นลม	เป็น-ลม		แล้วเกิดเป็นลมกล้าสลาตัน
แล้วแต่	แล้ว-แต่		คยนับถือแล้วแต่ท่านสารพัด
ขวนขวาย	ขวน-ขวาย		่พลจะได้ขวนขวายแก้ที่แน่ไ
บรรหาร	บัน-หาร		อฉันแล้วบรรหารจะออกไปเยี
ลิขิต	ลิ-ขิด		ิญทราบในลิขิตดั่งจิตจงพ
ยากแค้น	ยาก-แค้น		ื่นก็จัดยากแค้นถึงแสนเข็ญ
โจมจับ	โจม-จับ		้าศึกมันโจมจับจะรบรับสาร
ครรไล	คัน-ไล		เรือช่วงครรไลล่วงไปประณ
ขายหน้า	ขาย-หน้า		ย่าให้ไปขายหน้าจะมาถึงมัน
ย่างเยื้อง	ย่าง-เยื้อง		ึงจากนางย่างเยื้องมาอาศรมไม่
ชิงชัง	ชิง-ชัง		ทุรังมันชิงชังกันสาหัสเป
รู้เห็น	รู้-เห็น		ทรงธรรม์รู้เห็นเป็นพยานถ้
ปลอบประโลม	ปลอบ-ประ-โลม		จำจะช่วยปลอบประโลมนางโฉมศรีค
พอที่	พอ-ที่		หระหนไม่พอที่จะได้ยากลำ
สัมผัส	สำ-ผัด		ระน้ำได้สัมผัสพระพายพัดต
ทีนี้	ที-นี้		ะเมิดอีกทีนี้จึงตีฉันซึ
ชื่นชอบ	ชื่น-ชอบ		ยพลันพระชื่นชอบขอบคุณการุ
ผิวพรรณ	ผิว-พัน		¦ข้าก็ดูผิวพรรณในสัณฐานเห
ยังมี	ยัง-มี		ามคดีว่ายังมีกำปั่นสักพ
ชั้นเชิง	ชั้น-เชิง		กันเราก็ชั้นเชิงชายใช่สตรี
ทิ้งขว้าง	ทิ้ง-ขว้าง		หมือนเราทิ้งขว้างจะอ้างว้าง
ประจุ	ประ-จุ		งกระบวน¦ประจุปืนน้อยใหญ
ไตรเพท	ไตร-เพด		จะได้สอนไตรเพทข้างเวทมนต
เริงรื่น	เริง-รื่น		ีชาวบุรีเริงรื่นทุกคืนวัน¦
ระเหย	ระ-เหย		รำเพยหวนระเหยกลิ่นบุปผา
เจ้าขรัว	เจ้า-ขรัว		ับสารศรีเจ้าขรัวนายไปพลันด
บังควร	บัง-ควน		านั่งไม่บังควร¦บาทหลวงเห
ช่วยด้วย	ช่วย-ด้วย		เชิญท่านช่วยด้วยสักครั้งที
รำลึกถึง	รำ-ลึก-ถึง		กิดศึกจงรำลึกถึงตัวข้าจะอา
ดื้อดึง	ดื้อ-ดึง		ซื่ออย่าดื้อดึงกูกับมึงร่
กลางเวหา	กลาง-เว-หา		่องสว่างกลางเวหาเสียงประสา
วันหนึ่ง	วัน-หนึ่ง		ำปั่นสักวันหนึ่งจะได้พึ่งพ
ถ้อยคำ	ถ้อย-คำ		กสนานฟังถ้อยคำสามีปรีชาช
มอบให้	มอบ-ให้		่วยดูการมอบให้ก้าวโกสัยท
อ้างว้าง	อ้าง-ว้าง		งขว้างจะอ้างว้างวิญญาณ์เลื
ชะวาก	ชะ-วาก		ลเห็นถึงชะวากปากน้ำพอย่
ทำร้าย	ทำ-ร้าย		่าได้คิดทำร้ายให้วายปราณ
ประกาศ	ประ-กาด		กลองร้องประกาศขุนอำมาตย์
ถือโทษ	ถือ-โทด		นสอนอย่าถือโทษโกรธขึ้งตะ
คาบชุด	คาบ-ชุด		ิงปืนตับคาบชุดอาวุธสั้นเ
แต่ต้น	แต่-ต้น		้งหลายหนแต่ต้นมา¦บาทหลวง
เป็นเจ้าของ	เป็น-เข้า-จอง		ึงว่าพระเป็นเจ้าของเราเอ๋ยไม่
ไหหลำ	ไห-หลำ		อกมาหน้าไหหลำถูกพายุพัด
โรมรัน	โรม-รัน		สั้นเข้าโรมรันเร่งทัพขับ
ฝ่าพระบาท	ฝ่า-พระ-บาด		าให้เชิญฝ่าพระบาทไปปราบไพริ
ไตรจักร	ไตร-จัก		็นใหญ่ในไตรจักรประเสริฐศั
มุ่งหมาย	มุ่ง-หมาย		ำลายท่านมุ่งหมายแต่สวรรค์ช
คนพาล	คน-พาน		แสนกลพวกคนพาลทั้งดื้อด้
ขับรถ	ขับ-รด		สารถีขี่ขับรถที่นั่งไม่
บาลี	บา-ลี		งเทศนาในบาลี¦พระอภัยมุ
มูลความ	มูน-ความ		ลับไปทูลมูลความ¦ป่างพระศร
ตั้งโต๊ะ	ตั้ง-โต๊ะ		สสั่งให้ตั้งโต๊ะเสวยทั้งนม
ชั้นใน	ชั้น-ไน		ี้ยมกั้นชั้นในคล้ายพระโร
ครบถ้วน	ครบ-ถ้วน		ลพลรบให้ครบถ้วนตามกระบวนแ
เขตแดน	เขด-แดน		ือบจะถึงเขตแดนแสนสำราญสั
เกเร	เก-เร		่าพักพูดเกเรเพทุบายอีท
กังสดาล	กัง-สะ-ดาน		แตรฝรั่งกังสดาลประโรหิตโห
ประจัน	ประ-จัน		ัพถึงกันประจันหน้าไม่พูด
เรไร	เร-ไร		งกิ่งไทรเรไรรายราวกับส
จารึก	จา-รึก		ส่ในผนึกจารึกนอกเป็นใบบ
ขัตติย์	ขัด-ติ		กษัตริย์ขัตติย์วงศ์ทรงสดั
นอนหลับ	นอน-หลับ		จับเอาคนนอนหลับทุกทัพกองอ
น่าชม	น่า-ชม		ถชัยช่างน่าชมสมเป็นเขยก
ขุ่นหมอง	ขุ่น-หมอง		ห้วุ่นจนขุ่นหมองชะนางพวกถื
ด่าว่า	ด่า-ว่า		แล้วร้องด่าว่าเหวยเฮ้ยระ
ประหลาดใจ	ประ-หลาด-ใจ		าบนอากาศประหลาดใจ¦จะย้อนทัพ
ยามา	ยา-มา		่หลานลูกยามาพร้อมมูล¦เ
สุบิน	สุ-บิน		ากบวชสวดสุบินเพราะยังไม
สะดุ้ง	สะ-ดุ้ง		ปหยิบได้สะดุ้งตื่นฟื้นกา
กินแหนง	กิน-แหนง		สิ้นอย่ากินแหนงเฮ้ยเสนาสา
ขาดเหลือ	ขาด-เหลือ		พเรือใครขาดเหลือหาใส่ในกระ
หลับตา	หลับ-ตา		่นเทาเทาหลับตาแล้วว่าไปร
ทางไกล	ทาง-ไกล		ือหลานหนทางไกลเหลือล้นพ้
ยังอยู่	ยัง-อยู่		ต่ผู้รู้ยังอยู่เรือกำปั่น
บิดเบือน	บิด-เบือน		กูคิดจึงบิดเบือนชะรอยอ้ายพ
ได้ฤกษ์	ได้-เริก		ลง้าวทวนได้ฤกษ์ดีสี่ทุ่มจ
ไม่เป็นการ	ไม่-เป็น-กาน		ขาสมาทานไม่เป็นการธุระดอกบอก
โพล้เพล้	โพล้-เพล้		โฉมศรีพอโพล้เพล้เวลาเข้ารา
ป่วยไข้	ป่วย-ไข้		ที่ลำบากป่วยไข้ในไพรสัณฑ์
ทัดทาน	ทัด-ทาน		ดรบราญจะทัดทานอย่างไรในก
แนบชิด	แนบ-ชิด		มีลูกแอบแนบชิดเข้าติดพัน
แยกกัน	แยก-กัน		นก็จะแตกแยกกันไปเราแหกค่
ขัดขืน	ขัด-ขืน		อรรถอย่าขัดขืนจะต้องการส
พิรุณ	พิ-รุน		ะจ่างฉายพิรุณโรยโปรยปรอ
เปลวไฟ	เปลว-ไฟ		ดเหวเป็นเปลวไฟพายุใหญ่เข
ครบเครื่อง	ครบ-เครื่อง		ูกหอรบจงครบเครื่องที่นอกเมือ
หลายครั้ง	หลาย-ครั้ง		าดไปเป็นหลายครั้งมันเอาหนัง
ตระกอง	ตระ-กอง		งพิงเขนยตระกองเกยช้อนเศี
แต่ลำพัง	แต่-ลำ-พัง		ัยไต่ถามแต่ลำพังเราก็ตั้งใ
วาจา	วา-จา		งจะขอฟังวาจาเร่งว่าขาน
พบพาน	พบ-พาน		ยทหารแม้พบพานแก่งเกาะแว
พ่อคุณ	พ่อ-คุน		พิ่งวุ่นพ่อคุณเอ๋ยเวลานี
สิ้นสุด	สิ้น-สุด		งยุทธ์ก็สิ้นสุดเกิดวิบัติ
กระนี้	กระ-นี้		ร่งแก้ไขกระนี้แน่แล้วหนา
อึกทึก	อึก-ทึก		รื้นครึกอึกทึกท้องชลาสุธ
ท้อแท้	ท้อ-แท้		ารแม่ให้ท้อแท้เศร้าในพระ
ทับทิม	ทับ-ทิม		่หมวกฝังทับทิมดูพริ้มพรา
เคืองแค้น	เคือง-แค้น		ห้แสนสุดเคืองแค้นแสนกระสันจ
ธงทิว	ทง-ทิว		มาตามทางธงทิวปลิวไสวพลม
นิพพาน	นิบ-พาน		นดานหวังนิพพานเบื้องหน้า
หาวนอน	หวา-นอน	sound mismatch @1 (หาว vs หวา)	บอกหูให้หาวนอนอ่อนเหมือน
เคราะห์กรรม	เคราะ-กำ		นี้เพราะเคราะห์กรรมมาทำเยียจึ
เลี้ยวลด	เลี้ยว-ลด		อเสด็จจรเลี้ยวลดทรงรถชัย¦ท
จงใจ	จง-ใจ		ะสงค์ที่จงใจคิดแก้ไขผ่
นิราศ	นิ-ราด		ป็นผาสุกนิราศทุกข์ยศยงอ
เป็นบ้า	เป็น-บ้า		ญให้ระอาเป็นบ้ากามจงปลงจิ
เพลิงไหม้	เพลิง-ไหม้		สุบินว่าเพลิงไหม้จะเกิดภัยร
ทับที่	ทับ-ที่		นหยุดประทับที่พลับพลา¦ฝ่
ละม้าย	ละ-ม้าย		ำทีท่าดูละม้ายคล้ายกับสง
แลเหลียว	แล-เหลียว		มืดแท้จะแลเหลียวเพราะไม่เห
ปีกซ้าย	ปีก-ซ้าย		งขันทั้งปีกซ้ายปีกขวาสารพ
ท่าทาง	ท่า-ทาง		อบูรพาดูท่าทาง¦พวกล้าต้า
จับเป็น	จับ-เป็น		งยับทั้งจับเป็น¦เร่งพหลพล
ประการหนึ่ง	ประ-กาน-หนึ่ง		จไม่สบายประการหนึ่งผัวพิโรธอย
ใจคอ	ใจ-คอ		ทำไมเห็นใจคอแต่ต้องรอไ
ระไว	ระ-ไว		านยามให้ระไวระวังพวกพห
นอบน้อม	นอบ-น้อม		กราบกรานนอบน้อมอยู่พร้อมห
ตัดขาด	ตัด-ขาด		สวาทเจ้าตัดขาดคิดอางขนาง
ยุ่งยิ่ง	ยุ่ง-ยิ่ง		มารบพุ่งยุ่งยิ่งต้องทิ้งมิ
หันเหียน	หัน-เหียน		กวิหลั่นหันเหียนเจียนจะคว่
เหล่ากอ	เหล่-กอ	sound mismatch @1 (เหล่า vs เหล่)	มีเจ้าในเหล่ากอเป็นเนื้อห
เป็นทุกข์	เป็น-ทุก		งเจ็บจุกเป็นทุกข์ตรอมจงอดออ
ผิดประหลาด	ผิด-ประ-หลาด		ลางอากาศผิดประหลาดฟ้าแดงดั่ง
แล้วไป	แล้ว-ไป		งไพร่นายแล้วไปบอกทัพหน้า
รับประทาน	รับ-ประ-ทาน		งชื่นบานรับประทานผ่อนผันด้ว
มุสา	มุ-สา		่บุตรไม่มุสาเมื่อเดือน
ประชิด	ประ-ชิด		็ยังตั้งประชิดติดบุรินทร
จิตใจ	จิด-ใจ		หรืออะไรจิตใจหายอนิจจัง
พลาดพลั้ง	พลาด-พลั้ง		ยหลังแม้พลาดพลั้งศึกเสือช่ว
ในประเทศ	ไน-ประ-เทด		ู้เข้าไปในประเทศขอบเขตคันว
ความประสงค์	ความ-ประ-สง		เอาให้ลุความประสงค์ที่จงใจคิด
บำเรอ	บำ-เรอ		ทนทับขับบำเรอมโหรีสีซอบ
เจ้าจอม	เจ้า-จอม		รระหงพวกเจ้าจอมพร้อมกันหม
เวหน	เว-หน		จ่างกลางเวหนบาทหลวงส่อ
ไพบูลย์	ไพ-บูน		ระมูลให้ไพบูลย์ในจังหวัดป
เปรมปรา	เปรม-ปรา		ันตาต่างเปรมปราโมทย์สำราญ
น้ำท่า	น้ำ-ท่า		ไปที่ปากน้ำท่าศิลา¦ฝ่ายท
สุริยน	สุ-ริ-ยน		พอลับดวงสุริยนบนเวหาจึงจ
ระบม	ระ-บม		รมณ์ทรวงระบมบอบช้ำแต่ค
จำรูญ	จำ-รูน		รงคัลอันจำรูญมาพร้อมมูล
ชอบกล	ชอบ-กน		ายรอบไว้ชอบกลสำหรับคนล้
วังวน	วัง-วน		นคลั่งในวังวนมัจฉาชาติด
แน่นอน	แน่-นอน		นดูแลว่าแน่นอนอ้ายชีเปลื
ดูเล่น	ดู-เล่น		ังเที่ยวดูเล่นงานใหญ่ที่
ราชธิดา	ราด-ทิ-ดา		ทยิ่งรักราชธิดามารศรีจึงเ
นางใน	นาง-ไน		ยสุรางค์นางในก็เชิญเครื
เฮฮา	เฮฮ-ฮา		ะเลฝรั่งเฮฮาล้อมเข้าพร
เจ้าชู้	เจ้า-ชู้		ูละครพวกเจ้าชู้เดินสอกรอผ
ขับกล่อม	ขับ-กล่อม		สำหรับไปขับกล่อมสะพรั่งพร้
เคียงคู่	เคียง-คู่		่อาสัญจะเคียงคู่ชูชื่นทุกค
สะกิด	สะ-กิด		นจิตแล้วสะกิดเพลาพลางทา
พรักพร้อม	พ-รัก-พร้อม		ตำหนักคนพรักพร้อมคอยแห่ห้อม
เรียบร้อย	เรียบ-ร้อย		ห้มั่นคงเรียบร้อยคอยประจญจะ
เกรงกลัว	เกรง-กลัว		ลยเองไม่เกรงกลัว¦พวกอีเจ้า
ทุกแห่ง	ทุก-แห่ง		ี่ยวแสวงทุกแห่งไป¦เขาพระเ
ว้าวุ่น	ว้า-วุ่น		ารุญอย่าว้าวุ่นไปเลยหนาจะ
อุ่นใจ	อุ่น-ใจ		การุญฉันอุ่นใจขอยกไว้เป็
เปล่งปลั่ง	เปล่ง-ปลั่ง		รีนวลฉวีเปล่งปลั่งดั่งสุวรรณ
ฉอเลาะ	ฉอ-เลาะ		สมุทรพูดฉอเลาะนี่เนื้อเค
ทุกวันนี้	ทุก-วัน-นี้		ทั้งนั้นทุกวันนี้ย่อมเป็นที
เซ้าซี้	เซ้า-ซี้		ล้ามีแต่เซ้าซี้ซักเสียหนั
ถึงกัน	ถึง-กัน		อทัพหน้าถึงกันประจัญหน้า
กลับคืน	กลับ-คืน		ูญลับไม่กลับคืนอย่าชมชื่น
น่าชัง	น่า-ชัง		ีอะไรนี่น่าชังยังสงสัยยิ
รุกราน	รุก-ราน		ามันจะมารุกรานสถานใด¦ขอแ
อาภัพ	อา-พับ		หัวอกโอ้อาภัพอัประมาณ¦ฝ
โฉมศรี	โฉม-สี		งตรัสกับโฉมศรีนีฤมลแม้นเ
แม่นมั่น	แม่น-มั่น		นสำคัญดูแม่นมั่นแจ้งเรื่อง
ไว้ชื่อ	ไว้-ชื่อ		องนับถือไว้ชื่อเสียงเป็นอ
พระเคราะห์	พระ-เคราะ		่าอาวรณ์พระเคราะห์จรเข้าซ้ำจ
ทำสงคราม	ทำ-สง-คราม		งตรากตรำทำสงครามให้ลุกลามเ
ดีกว่า	ดี-กว่า		้งมั่งมีดีกว่าค้าสำเภามั
ขุ่นข้อง	ขุ่น-ข้อง		นขวายใช่ขุ่นข้องหมองหมางระ
ผ่องแผ้ว	ผ่อง-แผ้ว		แก้วค่อยผ่องแผ้วปรีดิ์เปรม
เครื่องประดับ	เครื่อง-ประ-ดับ		ิฐศักดิ์เครื่องประดับสลับสีกับม
อัดอั้น	อัด-อั้น		กษัตริย์อัดอั้นเหมือนกันห
ถูกต้อง	ถูก-ต้อง		ดดโผนไม่ถูกต้องว่องไวมันไ
ปกป้อง	ปก-ป้อง		้นคณนาจะปกป้องครองคู่ไม่
ลูกแก้ว	ลูก-แก้ว		แล้วแม้นลูกแก้วอยู่ที่นี่
ลั่นฆ้อง	ลั่น-ค้อง		กกึกก้องลั่นฆ้องชัยปี่ไฉนเ
เดือนหงาย	เดือน-หงาย		์ร่วมฤดีเดือนหงายสบายใจ¦พลา
โลมา	โล-มา		ูงกระโห่โลมาในวารินบ้า
บาทบงกช	บาด-ทง-บก		ทให้กราบบาทบงกชบทศรีทั้งส
ลูกชาย	ลูก-ชาย		าเรือกับลูกชายแสนสบายชื่
ได้ช่อง	ได้-ช่อง		กสัยเห็นได้ช่องจัดแจงกล้อ
ยักขินี	ยัก-ขิ-นี		้วยอำนาจยักขินีมันนีมิตเข
ทิศใต้	ทิด-ใต้		ตรงทางจรทิศใต้รีบไปพลัน¦
นอนใจ	นอน-ใจ		ร้อนอย่านอนใจพลางยกไปจา
ตัวสั่น	ตัว-สั่น		ป่วนปั่นตัวสั่นงกกลิ้งพลั
ตะบึง	ตะ-บึง		็นไฟไหม้ตะบึงคนหนีอึงแต
ระเนน	ระ-เนน		แทบจะเอนระเนนลง¦ป่างพระ
กับข้าว	กับ-ข้าว		¦เครื่องกับข้าวเอามาตั้งบ
เย็นใจ	เย็น-ใจ		เข็ญค่อยเย็นใจไปถึงวังลั
สุขา	สุ-ขา		มัจฉายังสุขาปรีดิ์เปรม
ความใน	ความ-ใน		าแย้มแยกความในหลายสถานเอ
ทอดทิ้ง	ทอด-ทิ้ง		ู้หญิงจะทอดทิ้งเมียไว้ช่า
ร่ำไร	ร่ำ-ไร		ย่ามาบ่นร่ำไรกูไม่ฟัง¦ม
เชื้อชาติ	เชื้อ-ชาด		โอวาทแต่เชื้อชาติพวกฝรั่งมั
พุ่มพวง	พุ่ม-พวง		ี่เชยชิดพุ่มพวงดวงสมรแสนอ
สำรอง	สำ-รอง		ใจปองจัดสำรองเหล้ายาหาไ
กระจัด	กระ-จัด		หลายพลัดกระจัดกระจาย¦ฝ่า
ธงเทียว	ทง-เทียว		ลไสวทั้งธงเทียวเขียวขำดูอ
กวดขัน	กวด-ขัน		็วรวดการกวดขันพอพร้อมเสร
แค้นใจ	แค้น-ใจ		่าหุนหันแค้นใจด้วยไพรินแ
ก่ายกอง	ก่าย-กอง		ฟันตายลงก่ายกองแย่งเอาเคร
พร้อมมูล	พร้อม-มูน		ตระกูลมาพร้อมมูลจะเข้าไปใน
ไม่ต้องการ	ไม่-ต้อง-กาน		ติพัสถานไม่ต้องการเขตแดนสิ้น
ใจความ	ใจ-ความ		ลข้อใดในใจความจะบวชตามร้
จำไว้	จำ-ไว้		ัปจงสดับจำไว้ในใจหวาคิด
หากว่า	หาก-ว่า		่าตาลนี่หากว่าแม่รำภาวัณ
น้ำตาล	น้ำ-ตาน		เอ๋ยควักน้ำตาลล่อมดปดจนเ
อัมพร	อำ-พอน		างค์กลางอัมพร¦พายุพยับอ
แตกตื่น	แตก-ตื่น		ลางคืนคงแตกตื่นวุ่นวิ่งชิ
ข้างนอก	ข้าง-นอก		กษัตรามาข้างนอกแล้วชี้บอก
ถอยทัพ	ถอย-ทับ		กุลาเร่งถอยทัพเถิดหวาช้า
ด้วยว่า	ด้วย-ว่า		นทร์ใหม่ด้วยว่าใจเจตนาเป็
ยักษ์มักกะสัน	ยัก-มัก-กะ-สัน		ใช่ผีใช่ยักษ์มักกะสันก็จำเป็นจำ
ริมฝั่ง	ริม-ฝั่ง		ียไปนั่งริมฝั่งชลแล้วยกหั
พลัดตก	พลัด-ตก		มะถันถัาพลัดตกลงที่ไหนเป
ทะลวง	ทะ-ลวง		บไพร่ไล่ทะลวงเห็นคนง่วง
ทัพเรือ	ทับ-เรือ		่าขานแต่ทัพเรือเหลืออยู่ด
ล่าทัพ	ล่า-ทับ		ะหม่าให้ล่าทัพจะย้อนกลับ
ทั้งเมือง	ทั้ง-เมือง		ยอมพร้อมทั้งเมืองพระจะเปลื้
เป็นไฟ	เป็น-ไฟ		ลงที่ไหนเป็นไฟกัลป์ถึงสา
ล้นเหลือ	ล้น-เลือ		ฝนตกหนาวล้นเหลือทนทานจะหัก
เมืองหลวง	เมือง-หลวง		รีบไปยังเมืองหลวงตามกระทรวง
ทั้งสองฝ่าย	ทั้ง-สอง-ฝ่าย		ูกไพร่พลทั้งสองฝ่ายตายเป็นเบื
ขันตี	ขัน-ตี		้งมั่นในขันตีเพราะเป็นท
จำหลัก	จำ-หลัก		รื่องลายจำหลักปักกุณฑลมา
เป็นผู้ใหญ่	เป็น-พู่-ไหย่		ชาจะพาไปเป็นผู้ใหญ่ลำเอียงไม่
บาดหมาย	บาด-หมาย		าสั่งให้บาดหมายทั้งขวาซ้า
ผีสิง	ผี-สิง		่งรี่ดังผีสิงแม้นเสียท่
บางเบา	บาง-เบา		ม่จืดจางบางเบาเอานิยมเหม
ชื่นบาน	ชื่น-บาน		มื่นต่างชื่นบานรับประทานผ
ประวิง	ประ-วิง		ปลงใจไม่ประวิงเป็นความจร
ชั่วช้า	ชั่ว-ช้า		เพราะมึงชั่วช้าสิบ้าผัวต้
เครื่องต้น	เครื่อง-ต้น		่ปะปนพวกเครื่องต้นแต่งใส่หลา
เป็นเพื่อน	เป็น-เพื่อน		องใสอยู่เป็นเพื่อนลูกสักหน่อ
ประหวัด	ประ-หวัด		ียงสัตว์ประหวัดหวังเที่ยว
เป็นความ	เป็น-ความ		ม่ประวิงเป็นความจริงที่ในจ
ผุยผง	ผุย-ผง		ะจุยเป็นผุยผงอายุยืนหมื
คมสัน	คม-สัน		วยสมทั้งคมสันดูผิวผ่องส
คนเดียว	คน-เดียว		มารินกินคนเดียวเครื่องคั่
เดินตาม	เดิน-ตาม		พอพวกกันเดินตามมาถามข่าวใ
ป่านนี้	ป่าน-นี้		ร้าสร้อยป่านนี้น้องสองคนก
ทางเดิน	ทาง-เดิน		ว่างเห็นทางเดิน¦อันรูปรสบ
ว่องไว	ว่อง-ไว		่ถูกต้องว่องไวมันไล่โจนค
มั่นหมาย	มั่น-หมาย		นเจ็ดวันมั่นหมายหลายประการ
รันทด	รัน-ทด		หม่นหมองรันทดสลดลง¦สินส
เวลานี้	เว-ลา-นี้		หนำทำว่าเวลานี้กูยังมีธุร
เหลียวหลัง	เหลียว-หลัง		ฝรั่งไม่เหลียวหลังแล่นโลดกระ
เป็นบุญ	เป็น-บุน		ี่วันนี้เป็นบุญหนักขอพึ่ง
ลมว่าว	ลม-ว่าว		พราวเป็นลมว่าวพัดเรื่อยเ
ชอบใจ	ชอบ-ใจ		อนหูแม้นชอบใจลุกมานอกจง
เพลี่ยงพล้ำ	เพลี่ยม-พล้าม	sound mismatch @1 (เพลี่ยง vs เพลี่ยม);sound mismatch @2 (พล้ำ vs พล้าม)	วียงอย่าเพลี่ยงพล้ำมันจะทำอย่
ไว้ยศ	ไว้-ยด		่บนหอหมดไว้ยศถาบาทหลวงเ
ธงชัย	ทง-ไช		ุฒิไกรมีธงชัยปักประจำเป
ความชอบ	ความ-ชอบ		ีอารอบทำความชอบช่วยพยุงให
แม่น้ำ	แม่-น้ำ		ทุกคนตามแม่น้ำลำคลองทั้ง
รวนเร	รวน-เร		นหวนอยู่รวนเรท้องทะเลมื
พระที่นั่ง	พระ-ที่-นั่ง		ียมรถทรงพระที่นั่งอลังการ¦พว
ไกรสร	ไกร-สอน		ินไปดั่งไกรสรทรงพระแสงฝ
บายศรี	บาย-สี		ว์ชัชวาลบายศรีเงินทองแก้
ยานุมาศ	ยา-นุ-มาด		ชสารขึ้นยานุมาศพร้อมประณต
เริศร้าง	เริด-ร้าง		ด้วยพาราเริศร้างค้างมานานไ
กราบไหว้	กราบ-ไหว้		ล้วประณตกราบไหว้อัยกา¦ประณ
โดยสาร	โดย-สาน		ากเขาให้โดยสารได้ร่วมลำส
เขาใหญ่	เขา-ไหย่		้เทวาที่เขาใหญ่ท้ายเมืองจ
ชะโงก	ชะ-โงก		้นโศกริมชะโงกเงื้อมเขาค
เสียได้	เสีย-ได้		หกกันนรกเสียได้อย่าไต่ถาม
สัญจร	สัน-จอน		ครเที่ยวสัญจรหากินในสิน
ครอบครอง	ครอบ-ครอง		ไปมอบให้ครอบครองช่วยปกป้อง
อาศรม	อา-สม		นกันไปในอาศรมไม่เห็นองค
เป็นกังวล	เป็น-กัง-วน		ห่วงหลังเป็นกังวล¦แขกฝรั่งต
นัยน์ตา	นัย-ตา		ด้ฟังว่านัยน์ตาเขียวแกโกร
หางเสือ	หาง-เสือ		ลี่ใบใส่หางเสือได้ลมล่องต
คลุกคลาน	คลุก-คลาน		แก่ลุกลงคลุกคลานพระอาจารย์
โลกีย์	โล-กี		ลงใหลอันโลกีย์นี้มันชั่ว
ฝนตก	ฝน-ตก		ผาผลาญพอฝนตกหนาวล้นเหล
ประสานเสียง	ประ-สาน-เสียง		วกบินขานประสานเสียงแข่งสำเนีย
แม่ม่าย	แม่-ม่าย		ร้ายเป็นแม่ม่ายลูกติดสนิท
เคี่ยวขับ	เคี่ยว-ขับ		อุตส่าห์เคี่ยวขับคอยรับรอง¦
สำทับ	สำ-ทับ		ระทู้ขู่สำทับมึงพูดกับม
เครื่องยศ	เครื่อง-ยด		้วประทานเครื่องยศกลดกระบี่พ
พานพระศรี	พาน-พระ-สี		รื่องอานพานพระศรีแล้วเชิญบา
ขุนพล	ขุน-พน		หนุนทั้งขุนพล¦ถึงเป็นตา
ห้าสิบ	ห้า-สิบ		หน้าทั้งห้าสิบออกแล่นลิบ
ทะลุ	ทะ-ลุ		ลงแคมปรุทะลุทลาย¦ให้ยิ
เต็มที	เต็ม-ที		วั่นหวาดเต็มทีไม่มีขวัญค
ทีเดียว	ที-เดียว		ารดาแปลกทีเดียวเจียวพ่อคุ
โสรจสรง	โสด-สง		พี่เมื่อโสรจสรงชโลมองค์หอ
ทองแดง	ทอง-แดง		ยหินพื้นทองแดงเครื่องตะพ
เหมือนเคย	เหมือน-เคย		ต่ใจอยู่เหมือนเคยคู่เคียงกา
แชเชือน	แช-เชือน		ม่ขอแลทำแชเชือน¦คนที่มาว่
สำเนา	สำ-เนา		่ถามเป็นสำเนาเองบอกเล่า
ทันการ	ทัน-กาน		ำปั่นให้ทันการพวกพหลพลรบ
ประจบ	ประ-จบ		ูปัญญามาประจบคิดรบราญจะ
กุดั่น	กุ-ดั่น		รณเฟื่องกุดั่นใสสุกฝังมุ
ก็ตาม	ก็-ตาม		่บวชใหม่ก็ตามไปโดยทางหว
ถึงตาย	ถึง-ตาย		ของบิดา¦ถึงตายแล้วแคล้วค
นึกหวัง	นึก-หวัง		าศึกอย่านึกหวังล้วนฤๅษีเป
สุโข	สุ-โข		องโตโตจะสุโขแท้แล้วไม่
ไพฑูรย์	ไพ-ทูน		ัดไปเกาะไพฑูรย์ข้างทิศบูร
ดีแต่	ดี-แต่		ารแท้มันดีแต่บิดเบี้ยวเ
มณฑป	มน-ดบ		ทองรองศพมณฑปประดับเครื
สามารถ	สา-มาด		กล้วกล้าสามารถชาติกำแหงใ
มองดู	มอง-ดู		เข้าห้องมองดูแผนตั้งแต่
ดาดาษ	ดา-ดาด		อกกลาดระดาดาษงอกงามตามซ
ดวงดาว	ดวง-ดาว		โพยมเห็นดวงดาวเจ้าลังกาส
โหยหวน	โหย-หวน		มโชยยิ่งโหยหวนจะอาวรณ์ถอ
ตัดหัว	ตัด-หัว		ฒน์จะจับตัดหัวริบให้ฉิบห
ดินดำ	ดิน-ดำ		้าพันเอาดินดำทำไส้กับไฟ
แอบอิง	แอบ-อิง		จะปานพระแอบอิงพิงพาดบนอา
ขี้ข้า	ขี้-ข้า		ูนางฤๅษีขี้ข้าอีบ้าผัวไป
เฒ่าแก่	เท่า-แก่		ีลูกเต้าเฒ่าแก่ก็แต่ตัวใจ
รสสุคนธ์	รด-สุ-คน		จำปาจำปีรสสุคนธ์มณฑาระดาดา
สั่งการ	สั่ง-กาน		ราฟังเขาสั่งการ¦ต้นหนสั่ง
จงรัก	จง-รัก		ห้ผ่องใสจงรักกันโอบอ้อม
แอบแฝง	แอบ-แฝง		ดแลงค่อยแอบแฝงกลับไปเข้า
เพดาน	เพ-ดาน		ธีการดาดเพดานม่านผูกทุก
เอาชัย	เอา-ไช		ห่เร้าจะเอาชัย¦บาทหลวงเห
กระจุย	กระ-จุย		ามโศกให้กระจุยเป็นผุยผงอ
บรรเลง	บัน-เลง		างแหบหวนบรรเลงเพลงชวา¦จะ
หวงแหน	หวง-แหน		ประโยชน์หวงแหนเป็นแก่นสา
ทีละ	ที-ละ		่องกันตีทีละราย¦แล้วมี
แรกรุ่น	แรก-รุ่น		ะมุนพึ่งแรกรุ่นชันษาสิบห้
ตกลง	ตก-ลง		นถัาพลัดตกลงที่ไหนเป็น
ดูรา	ดู-รา		าศรัยว่าดูราท่านผู้ปรา
บวงสรวง	บวง-สวง		ไหว้แล้วบวงสรวงตามกระทรวง
สัณฐาน	สัน-ฐาน		ืนวันโดยสัณฐานแล้ววางองค
ขัดใจ	ขัด-ใจ		์ให้แค้นขัดใจตัวให้มัวห
ฟื้นองค์	ฟื้น-อง		ะรินรื่นฟื้นองค์นางนงคราญเ
กำเนิด	กำ-เหนิด		องเขตคันกำเนิดกูอยู่ถ้ำท
เกิดเหตุ	เกิด-เหด		าคเรศบังเกิดเหตุลมกล้าฟ้าก
ไม่เข้าการ	ไม่-เข้า-กาน		ล่าเปล่าไม่เข้าการจำจะไปทูลล
สาวแก่	สาว-แก่		าไหนทั้งสาวแก่แลขึงตะลึง
จองหอง	จอง-หอง		่างพูดจาจองหองจะลองดูแล้
ประเทียบ	ประ-เทียบ		ียงเรียบประเทียบถวายพอรุ่ง
บรรจง	บัน-จง		้ำฉันอันบรรจง¦พวกนักสิท
ชักชวน	ชัก-ชวน		วนเที่ยวชักชวนคนดีมีวิชา
ต่างว่า	ต่าง-ว่า		งชีพูดจาต่างว่าขานจึงเอื้
แม่คุณ	แม่-คุน		ยแท้แล้วแม่คุณ¦บ้างพรั่น
กั้นกาง	กั้น-กาง		ดขวางใครกั้นกางเสียกิจผิด
ทักทาย	ทัก-ทาย		จักษ์ที่ทักทาย¦พี่เลี้ยง
ผลักไส	ผลัก-ไส		ำกันอยู่ผลักไสมันไม่หนีพ
ร้าวฉาน	ร้าว-ฉาน		่กล่าวก็ร้าวฉานอย่าแคะแค่
เมืองขึ้น	เมือง-ขึ้น		กสีย์แต่เมืองขึ้นหมื่นจังหว
ยี่ภู่	ยี่-พู่		่องใสทอดยี่ภู่ปูลาดอาสน์
สะเทื้อน	สะ-เทื้อน		ะหารก้องสะเทื้อนท้องโลกาสุ
คาดเข็มขัด	คาด-เข็ม-ขัด		ืองจำรัสคาดเข็มขัดลายลงยาเลข
พิกุล	พิ-กุน		สัตว์ดง¦พิกุลแก้วการณิก
น้อยใจ	น้อย-ใจ		ลังกาพระน้อยใจไม่อยู่จะส
ขาดใจ	ขาด-ใจ		ายลงไปก็ขาดใจยักษ์ร้ายว
แต่แรก	แต่-แรก		นแขกตั้งแต่แรกเจ้าแผ่นดิ
นั่งแท่น	นั่ง-แท่น		เสด็จออกนั่งแท่นแก้วอันแพร
เคลื่อนคลาด	เคลื่อน-คลาด		วาตม์ให้เคลื่อนคลาดจะได้ไปในว
ผุดผ่อง	ผุด-ผ่อง		ชีสองให้ผุดผ่องลุล่วงการห
ฆ้องชัย	ค้อง-ชัย		ก้องลั่นฆ้องชัยปี่ไฉนเป่า
ลำพอง	ลำ-พอง		เผ่นผยองลำพองวิ่งบ้างนอ
เดิมที	เดิม-ที		แรกเริ่มเดิมทีมีแต่ครั้ง
สมเพช	สม-เพด		ีเหตุแสนสมเพชภูวไนยนึกใ
เชิงเขา	เชิง-เขา		ุ้งเวิ้งเชิงเขาริมเสาโคมเ
สวดมนต์	สวด-มน		ังวลทั้งสวดมนต์ภาวนาสมาทา
จงดี	จง-ดี		้อมวงให้จงดี¦ฝ่ายพระหน
ทุกที	ทุก-ที		วสายเป็นทุกทีคนผีสางพูด
ชั้นนอก	ชั้น-นอก		รงคัลที่ชั้นนอกเราจะออกรั
เดชะ	เด-ชะ		้เลยนะวะเดชะบุญแต่กูวุ
สาหัส	สา-หัด		้ฝนฟ้าก็สาหัสคลื่นก็จัด
เหิมฮึก	เหิม-ปึก		าศึกต่างเหิมฮึกแต่เห็นยัง
อ่อนน้อม	อ่อน-น้อม		่งสอนให้อ่อนน้อมแต่ทางอ้อม
เหลือหลาย	เหลือ-หลาย		เนื้อให้เหลือหลายวันจากห้อง
ไปนอก	ไป-นอก		้ารีบออกไปนอกวังพร้อมสะ
ได้คืน	ได้-คืน		อนใจคงจะได้คืนหลังไปวังเ
เคืองใจ	เคือง-ใจ		ะคับคั่งเคืองใจไม่พอที่ทอ
หึงหวง	หึง-หวง		ีสองอย่าหึงหวงล่วงทำแต่ล
ได้รับ	ได้-รับ		ั่งใจปองได้รับรองเธอเข้า
สามสิบ	สาม-สิบ		ตามมาสักสามสิบคนอยู่บนเร
ได้คู่	ได้-คู่		อสรพิษจะได้คู่มาสู่สมจึ่
ชะอ้อน	ชะ-อ้อน		้แทนบิดรชะอ้อนว่าที่จริง
รังเกียจ	รัง-เกียด		ย่าให้มีรังเกียจว่าเบียดเบ
ทำบุญ	ทำ-บุน		งสารเถิดทำบุญสูญไปทั้งส
ประชากร	ประ-ชา-กอน		สั่งเสนาประชากรเราจะจรไปน
ให้รางวัล	ให้-ราง-วัน		นปราศรัยให้รางวัล¦ได้ทราบว่
ข้างทาง	ข้าง-ทาง		นเป็นไฉนข้างทางเรือขัดสนเ
เนื้อใน	เนื้อ-ไน		พบแต่หนอเนื้อในเชื้อวงศ์ส
ถาโถม	ถา-โถม		งร่าเข้าถาโถมอ้ายโจรตีด
มือถือ	มือ-ถือ		มึงอวดฝีมือถือข้างไทยก็จ
ยาม้า	ยา-ม้า		งหลังพระยาม้ามังกร¦พอสี
รุงรัง	รุง-รัง		บพุ่งกันรุงรังไมรู้สิ้นร
เสียเชิง	เสีย-เชิง		เปลี้ยจะเสียเชิงดูแรงเริงก
เห็นใจ	เห็น-ใจ		นนานไปจะเห็นใจเสียเปล่าเ
มดหมอ	มด-หมอ		็ญเรื่องมดหมอสิ่งไรก็ไม
ขอบคุณ	ขอบ-คุน		าพลางแม่ขอบคุณการุญรักพ่
เชื้อสาย	เชื้อ-สาย		ยื่อเป็นเชื้อสายลูกเกิดมาแ
เนิ่นนาน	เนิ่น-นาน		าการอย่าเนิ่นนานบอกให้ทั่ว
ยาแฝด	ยา-แฝด		หลือต้องยาแฝดแปดปนระคนเ
วิ่งหนี	วิ่ง-หนี		่ล้วนหมีวิ่งหนีคน¦จึ่งบ่า
รบรา	รบ-รา		ิษย์หากูรบราพวกพหลทนไม
ดูดี	ดู-ดี		รบราวีจะดูดีท้าวพระยาก
ระเด่น	ระ-เด่น		ก็ลาจรพาระเด่นกินเรศไปตำ
ละม่อม	ละ-ม่อม		ิ้มพร้อมละม่อมละไมเหล่าส
แต่เช้า	แต่-เช้า		ีบออกนอกแต่เช้าทั้งบ่าวนา
แก่เฒ่า	แก่-เท่า		าเก่าไม่แก่เฒ่าก็เพราะศีล
วงเวียน	วง-เวียน		สงค์เดินวงเวียนดูอาเกียรณ
ปักษา	ปัก-สา		ฟังเพลินปักษาคณาดง¦กระจ
ทั้งผอง	ทั้ง-ผอง		้อมพหลพลทั้งผองตีกระเชียง
เร่งรีบ	เร่ง-รีบ		องศรีให้เร่งรีบยกพลทั้งมน
ทำบท	ทำ-บด		าให้คนรำทำบทกำสรดเศร้า
กำราบ	กำ-หราบ		งรีบยกไปกำราบช่วยปราบคึ
เห็นแก่	เห็น-แก่		็นลงตรองเห็นแก่นสารการต้อ
นิ่งเฉย	นิ่ง-เฉย		วงสมรพระนิ่งเฉยมิได้เผยสุ
อาชาไนย	อา-ชา-ไน		ห้ผูกม้าอาชาไนยบาทหลวงไปข
เหียนหัน	เหียน-หัน		วียนอยู่เหียนหันเป็นต่อแตน
ต่อสู้	ต่อ-สู้		¦จะยกออกต่อสู้หมู่ข้าศึก
ทุกข์สุข	ทุก-สุก		ค่อยคลายทุกข์สุขเกษมเปรมอุ
จำเริญ	จำ-เริน		ำคำสิกขาจำเริญเรียนเพียร
ราวกะ	ราว-กะ		นดีเหลือราวกะเชื้อวงศ์อ
จัดหา	จัด-หา		ห้เวรนอกจัดหากะลาสีลงเร
ไม่เป็นอัน	ไม่-เป็น-อัน		นแสนถวิลไม่เป็นอันไปมาเที่ยว
สังขาร	สัง-ขาน		ดชีวังคงสังขาร์แล้วทำให้
จำปา	จำ-ปา		อนเชิงผาจำปาจำปีรสสุคน
ตั้งใจ	ตั้ง-ใจ		นสั่งคิดตั้งใจ¦ฝ่ายพระอง
หลงทาง	หลง-ทาง		พลางหรือหลงทางถิ่นฐานประ
ขับไล่	ขับ-ไล่		ับใหญ่มาขับไล่หาอุบายหลา
พบกัน	พบ-กัน		มาตามได้พบกันวันเมื่อถึ
ธารา	ทา-รา		วนศิลามีธาราไหลย้อยดูพ
เอกา	เอ-กา		แต่ตัวกูเอกาน่าสงสารยิ
ปั่นป่วน	ปั่น-ป่วน		ศพยุกราดปั่นป่วนให้หวนเหไป
เป็นเกลียว	เป็น-เกลียว		ุดมิดบิดเป็นเกลียวทั้งหน้าเซ
อดอยาก	อด-หยาก		จำพวกไหนอดอยากทำปากบอนแต
บ้านช่อง	บ้าน-ช่อง		ไม่ตีดอกบ้านช่องอย่าหมองหม
ขวยเขิน	ขวย-เขิน		ากวน¦พระขวยเขินเมินคิดผิด
ลอยหน้า	ลอย-หน้า		ูขอถามไปลอยหน้าอยู่กับเขา
คบค้า	คบ-ค้า		ศูรย์ไม่คบค้าพวกระยำต่ำ
เมื่อตะกี้	เมื่อ-ตะ-กี้		ือแก้วตาเมื่อตะกี้นี้หวีดกรี
ความฝัน	ความ-ฝัน		ทราบสิ้นความฝันของวัณฬา¦แ
รำเพย	รำ-เพย		่างพรมลมรำเพยหวนระเหยกล
ประดิษฐ์	ประ-ดิด		ยงทรงคิดประดิษฐ์เขียนไม่ผิ
แวดล้อม	แวด-ล้อม		ร้อมเข้าแวดล้อมค่ายหน้าชล
ลุ่มหลง	ลุ่ม-หลง		ิบหายใครลุ่มหลงปลงใจไม่สบ
นั่งลง	นั่ง-ลง		งมันดีใจนั่งลงส่งภาษาว่า
อารักษ์	อา-รัก		ขอลาองค์อารักษ์อันศักดาพล
ไล่เลียง	ไล่-เลียง		ัสถามไต่ไล่เลียงทุกนครใครจ
สุราลัย	สุ-รา-ไล		ญชั้นฟ้าสุราลัยต่างวิสัยแ
เปรียบเปรย	เปรียบ-เปรย		ำเนียบมาเปรียบเปรยว่าเราเคยอ
เหือดหาย	เหือด-หาย		เดือดให้เหือดหายจึ่งกล่าวค
ร่วมรัก	ร่วม-รัก		ป็นเชื้อร่วมรักสมศักดิ์ศร
มลายู	มะ-ลา-ยู		าล่ามแขกมลายูที่รู้พูดจ
ตะกั่ว	ตะ-กั่ว		ขาร์หลอมตะกั่วคั่วทรายปร
พร้อมใจ	พร้อม-ใจ		ม้นมิยอมพร้อมใจไม่สมัครเร
เขียนหนังสือ	เขียน-หนัง-สือ		ห้เสมียนเขียนหนังสือเร่งให้ถือ
เสียงกึกก้อง	เสียง-กึก-ก้อง		โครมครึกเสียงกึกก้องประสานซ้อง
ร่ายมนต์	ร่าย-มน		ใหญ่แล้วร่ายมนต์¦ว่าจะต้อง
เจ้าพระยา	เจ้า-พระ-ยา		กจากอ่าวเจ้าพระยา¦พระสุริยง
อาจอง	อา-ดอง	sound mismatch @1 (อาจ vs อา);sound mismatch @2 (อง vs ดอง)	่ายราเมศอาจองทรงศักดาจึ
ออกหน้า	ออก-หน้า		ัยขับม้าออกหน้าทัพเข้ารบร
อักอ่วน	อัก-ก่อน	sound mismatch @2 (อ่วน vs ก่อน)	นครวญให้อักอ่วนอยู่ในจิตค
เจ็บปวด	เจ็บ-ปวด		ัดสนบ้างเจ็บปวดวุ่นวายลงห
ว่าวอน	ว่า-วอน		มือนคำอาว่าวอนอย่าอ่อนใจ
พระจันทร์	พระ-จัน		กอุราโอ้พระจันทร์อันสว่างกล
มิหนำซ้ำ	มิ-หนำ-ซ้ำ		ิจจาแล้วมิหนำซ้ำเอาไม้เท้า
ประชด	ประ-ชด		บบ้างทางประชดอดไม่ได้เข
วนเวียน	วน-เวียน		เพียรไม่วนเวียนตั้งมั่นใน
โปรยปราย	โปรย-ปราย		พิรุณโรยโปรยปรายเป็นสายสาด
สรวลเส	สวน-เส		คนชวนกันสรวลเสเพราะรู้กล
ก็ดี	ก็-ดี		่คนผู้ดูก็ดีไม่มีทุกข์
อดออม	อด-ออม		ข์ตรอมจงอดออมเสียกูเห็น
แกล้งทำ	แกล้ง-ทำ		บิดาแล้วแกล้งทำสำออยตะบอย
ประพาส	ประ-พาด		หมราชพระประพาสนกไม้ในไพร
ทักษิณ	ทัก-สิน		หว่างทางทักษิณถึงกำปั่นล
ดังหนึ่ง	ดัง-หนึ่ง		ะองค์แดงดังหนึ่งตำลึงงอม¦เ
เปล่าเปลี่ยว	เปล่า-เปลี่ยว		เจียวให้เปล่าเปลี่ยวฟั่นเฟือนเ
กระโจม	กระ-โจม		ึกโหมคอยกระโจมตีตัดจัดทห
ทั้งสิ้น	ทั้ง-สิ้น		แขกฝรั่งทั้งสิ้นพลอยยินดีฝ
โตรก	โต-รก		บรรพ์ที่โตรกตรอกงอกง้ำ
สิบสอง	สิบ-สอง		าถ้วนยี่สิบสองนัดให้ยาตร
ลมแดง	ลม-แดง		้องระลอกลมแดงก็แพลงไถลอ
อิสาน	อิ-สาน		ืดมิดทิศอิสานเข้าบังดวง
ล้มกลิ้ง	ล้ม-กลิ้ง		าขรัวนายล้มกลิ้งลงนิ่งแน่ห
ข้าวสาร	ข้าว-สาน		กลางเรือข้าวสารเกลือเทใส่
อาทิตย์	อา-ทิด		ังแสงพระอาทิตย์ดั่งจิตจงเ
พะแนง	พะ-แนง		มูหันไก่พะแนงแกงเกาเหลา
ของหวาน	ของ-หวาน		านทองใส่ของหวานแว่นวิเชีย
กระหึม	กระ-หึม		ันดอนโห่กระหึมครึ้มครวญแ
ลูกเลี้ยง	ลูก-เลี้ยง		ยความรักลูกเลี้ยงเพียงชีวาเ
ขาดคำ	ขาด-คำ		วระวังพอขาดคำลมหวนป่วนเ
ตายใจ	ตาย-ใจ		อุบายให้ตายใจจำจะปล่อยใ
มีฤทธิ์	มี-ริด		¦พระโยคีมีฤทธิ์ประสิทธิ์เ
เนื้อตัว	เนื้อ-ตัว		หลับทั่วเนื้อตัวแข็งกำลังห
นายพล	นาย-พน		ทั้งไพร่นายพลนิกายรวมรอ
หลบเลี่ยง	หลบ-เลี่ยง		่อยถอยรบหลบเลี่ยงอยู่เรียงร
ยับย่อย	ยับ-ย่อย		เรือบุรียับย่อยทั้งร้อยลำ
ตาราง	ตา-ราง		่งให้ขึงตารางเหล็กลำละผ
ลูกปืน	ลูก-ปืน		นชั้นกันลูกปืนในภูมิพื้น
เสียหลาย	เสีย-หลาย		เหน็บตายเสียหลายพันพอเขียน
ปรางค์ปรา	ปราง-ปรา		สด็จขึ้นปรางค์ปราทูลกิจจากั
ไม่เป็นไร	ไม่-เป็น-ไร		นยังก่อนไม่เป็นไรในตำราอย่า
สิ้นบุญ	สิ้น-บุน		สมัยเจ้าสิ้นบุญสูญแล้วแคล
เกลื่อนกล่น	เกลื่อน-กล่น		าพลาพลมาเกลื่อนกล่นในพระลานชา
ไว้ใจ	ไว้-ใจ		่งแบกโง่ไว้ใจกระสันด้วย
ให้ทาน	ให้-ทาน		โปรยเงินให้ทานตามย่านทาง
คงกระพัน	คง-กระ-พัน		ข้าณรงค์คงกระพันให้แจกกันแ
เหินห่าง	เหิน-ห่าง		าะกูอยู่เหินห่างต่างนครจะเ
นักพรต	นัก-พรด		ีตามวิธีนักพรตหมดทุกองค์
รายรอบ	ราย-รอบ		เอาฝาปิดรายรอบไว้ชอบกลสำ
สะกด	สะ-กด		สกคาถายาสะกดได้กลิ่นรส
แพร่งพราย	แพร่ง-พราย		งแถลงไม่แพร่งพรายเราดูสายน้
เล่าเรียน	เล่า-เรียน		ัวหมองจะเล่าเรียนไม่ใคร่ได้
ป้องปัด	ป้อง-ปัด		ขนชุลมุนป้องปัดล้วนจัดเจน
ตะแคง	ตะ-แคง		ัดแวงล้มตะแคงตายไปเป็นห
หนุ่มสาว	หนุ่ม-สาว		เทโพ¦พวกหนุ่มสาวกราวกรูกัน
ละมุน	ละ-มุน		ไฟผิงมันละมุนอุ่นสวาทเม
โลหิต	โล-หิด		วดื่มสายโลหิตสนิทสนมจนอ
สะอึกสะอื้น	สะ-อึก-สะ-อื้น		ร่ำรำลึกสะอึกสะอื้นดังเสียงคล
อาญาสิทธิ์	อา-ยา-สิด		กับธงแดงอาญาสิทธิ์ถือติดมือ¦
อานุภาพ	อา-นุ-พาบ		งนารายณ์อานุภาพไปปราบมารท
หยาบช้า	หยาบ-ช้า		ำจ้วงจาบหยาบช้าสารพัดพระผ
ธากา	ทา-กา		ตนทั้งโยธาการะเวกเมือง
ส่งภาษา	ส่ง-พา-สา		ห้เข้ามาส่งภาษาขอเหล้าให้
พะยอม	พะ-ยอม		ทิวไปยางพะยอมค้อมคู้ฤดู
รุ่งเรือง	รุ่ง-เรือง		้บำรุงก็รุ่งเรือง¦พอเห็นดวง
สักที	สัก-ที		ักถูกแต่สักทีทั้งขี่สิง
ถือเป็น	ถือ-เป็น		ิกอยากจะถือเป็นฤๅษีจะถือศ
ความสัตย์	ความ-สัด		ยผงเพราะความสัตย์มิได้ถือให
เคราะห์ร้าย	เคราะ-ร้าย		รพวกทหารเคราะห์ร้ายมิให้จรเอา
เครื่องทอง	เครื่อง-ทอง		ห้ผูกม้าเครื่องทองละอองศรีอา
ขานไข	ขาน-ไข		ารย์ท่านขานไขขอจงทราบบา
วันพรุ่งนี้	วัน-พรุ่ง-นี้		งลงบาญชีวันพรุ่งนี้เกณฑ์ตรงไป
ดับทุกข์	ดับ-ทุก		ังจะช่วยดับทุกข์ให้สุขีเที
ครัดเคร่ง	ครัด-เคร่ง		นอาจารย์ครัดเคร่งบำเพ็งเพีย
ขับพล	ขับ-พน		่งทัพให้ขับพล¦ไม่ออกจาก
เครื่องใช้สอย	เครื่อง-ใช้-สอย		หลายร้อยเครื่องใช้สอยรอกเชือกให
สามิภักดิ์	สา-มิ-พัก		ู่ที่ไหนสามิภักดิ์เข้ามาเป็น
ลงนอน	ลง-นอน		เร่าร้อนลงนอนครวญให้อัก
ชายา	ชา-ยา		ขอฝากวันชายาธิดาด้วยพ่
เป็นน้ำ	เป็น-น้ำ		วิชาขลังเป็นน้ำขังทั่วไปท
คนใน	คน-ไน		ป่าลองดูคนในลำกำปั่นถู
ดาบสินี	ดาบ-สิ-นี		ฐากับสองดาบสินีเธอลีลาเสด
ชายทะเล	ชาย-ทะ-เล		ข้างท้ายชายทะเลพระทรงฟังส
ตำลึง	ตำ-ลึง		ทองหมื่นตำลึงได้ไว้ใช้ก
เคหา	เค-หา		ทางลงจากเคหาหมายมรรคาต
ลามลวน	ลาม-ลวน		นึ่งหลานลามลวนไม่ควรเลยอ
เฝ้าแหน	เฝ้า-แหน		นนางเข้าเฝ้าแหนแน่นพระโรง
ไพรวัน	ไพร-วัน		ป่าไม้ในไพรวันหกกษัตริย์
ยากไร้	ยาก-ไร้		ู้เพื่อนยากไร้ไกลสถานเคย
ทะนง	ทะ-นง		งใจจงนึกทะนงอยู่ในใจบอ
ฤดี	รึ-ดี		รีย์ร่วมฤดีเดือนหงายส
บีฑา	บี-ทา		มิให้ภัยบีฑาสีกาโยมจะใ
แช่มช้อย	ช่วม-ช้อย	sound mismatch @1 (แช่ม vs ช่วม)	หน้าตาก็แช่มช้อยแต่โง่น้อย
คนดู	คน-ดู		สูแก่ผู้คนดูช่างซนสิ้น
กระบุง	กระ-บุง		ช้ให้หามกระบุงใหญ่เลี้ยง
วิลาวัณย์	วิ-ลา-วัน		นางมัจฉาวิลาวัณย์อยู่ที่นั่
ซักซ้อม	ซัก-ซ้อม		ีพร้อมจงซักซ้อมจำเรียงเสี
ชื่อเสียง	ชื่อ-เสียง		ับถือไว้ชื่อเสียงเป็นอย่างเ
ฤดู	รึ-ดู		ดปรารถนาฤดูนี้ใช่ฝนจน
เทพารักษ์	เท-พา-รัก		าถอภิวาทเทพารักษ์ลักษมีขอบพ
ยับเยิน	ยับ-เยิน		กองทัพจะยับเยินเกิดเผอิญร
บ่นว่า	บ่น-ว่า		ัจฉาบ้างบ่นว่าพ่อแม่แก่ช
เล็กน้อย	เล็ก-น้อย		แต่เพียงเล็กน้อยตามรอยทางส
เจ้าข้า	เจ้า-ข้า		แก่ประชาเจ้าข้าเอ๋ยแม้นเส
ฟายน้ำตา	ฟาย-น้ำ-ตา		งร้องไห้ฟายน้ำตาเมาสุราราก
มาดหมาย	มาด-หมาย		ปีศาจมันมาดหมายพอแลเห็นเร
โอนอ่อน	โอน-อ่อน		งสัยยิ่งโอนอ่อนผ่อนตามยิ่
ดับเครื่อง	ดับ-เครื่อง		พมณฑปประดับเครื่องสำหรับราชว
ประทีป	ประ-ทีบ		มแจ้งแสงประทีปก็ริบหรี่เ
นางห้าม	นาง-ห้าม		าสุรางค์นางห้ามตามเสด็จใส
ได้ดี	ได้-ดี		ใจพ่อคิดได้ดียิ่งจริงจร
มิจฉา	มิด-ฉา		บทกาเมสุมิจฉาหนาออเงือก
สอดใส่	สอด-ไส่		อุไรพลางสอดใส่ฉลององค์อล
ไหวติง	หวง-ติง	sound mismatch @1 (ไหว vs หวง)	กลิ้งไม่ไหวติงนิ่งไปแกใจ
แข็งแรง	แข็ง-แรง		รุ้งกล้าแข็งแรงนักหนาให้ล
ไข้ใจ	ไข้-ใจ		ากันโรคาไข้ใจไม่สบาย¦นา
ฟูมฟัก	ฟูม-ฟัก		รุญรักมาฟูมฟักหมกมุ่นอย่
เสนหา	เสน-หา		ดเคลื่อนเสนหาให้อาลัยขอ
หน่วงเหนี่ยว	หน่วง-เหนี่ยว		ด้ผูกพันหน่วงเหนี่ยวเป็นเกี่ยว
ง่วงเหงา	ง่วง-เหงา		ห้ข้าศึกง่วงเหงาทั้งหาวนอน
กลิ้งเกลือก	กลิ้ง-เกลือก		งนอนกลาดกลิ้งเกลือกเสลือกสลนพ
จามร	จา-มอน		ฝูงกระจงจามรีชะนีไพร¦พ
สุดใจ	สุด-ใจ		อาลัยสายสุดใจจงขึ้นมาหา
เจียระบาด	เจีย-ระ-บาด		ูเฉิดฉินเจียระบาดคาดทับประด
เห็นชอบ	เห็น-ชอบ		ินทร์พระเห็นชอบตอบว่าถ้าเ
ผู้เดียว	พู่-เดียว		้แม่อยู่ผู้เดียวเปลี่ยววิญ
เคลียคลอ	เคลีย-คลอ		กง้อเฝ้าเคลียคลอเคล้ากันบน
ท่ามกลาง	ท่าม-กลาง		าวคำเป็นท่ามกลาง¦อันท้าวไท
ร้องถาม	ร้อง-ถาม		องแล้วก็ร้องถามไปดั่งใจจง
สุริโย	สุ-ริ-โย		วนจะรุ่งสุริโยอโณทัยแกดู
ตะคอก	ตะ-คอก		ย่ามาขู่ตะคอกพูดหลอกลิง
มุ่งมาด	มุ่ง-มาด		คงสมสิ่งมุ่งมาดปรารถนาจึ่
วิลันดา	วิ-ลัน-ดา		ัดอัศตันวิลันดาเป็นโจราห้
ปกเกล้า	ปก-เกล้า		้สุกใสพอปกเกล้าเหล่าประชา
ระวังตัว	ระ-วัง-ตัว		คืองเข็ญระวังตัวผันผ่อนที่
เสาโคม	เสา-โคม		กอ่าวริมเสาโคมพอเห็นพระอ
แสงจันทร์	แสง-จัน		จ่างแจ้งแสงจันทร์แจ่มเจริญพ
เข้าข้าง	เข้า-ข้าง		งผินหลังเข้าข้างฝาจึงเข้าไ
มั่งคั่ง	มั่ง-คั่ง		งขันทั้งมั่งคั่งตั้งห้างต่
สินทรัพย์	สิน-ซับ		กำชับเอาสินทรัพย์มอบหมายราย
รุกขา	รุก-ขา		ข้าป่าชมรุกขาเขาไม้ไพรร
เบื้องหน้า	เบื้อง-น่อ	sound mismatch @2 (หน้า vs น่อ)	ังนิพพานเบื้องหน้าให้ถาวร¦ได
จับใจ	จับ-ใจ		อยเรื่อยจับใจพอหายหมองแ
ไกล่เกลี่ย	ไกล่-เกลี่ย		ำเยียจึงไกล่เกลี่ยกล่าวคำเป็
สุกร	สุ-กอน		ะไก่นกยกสุกรมาวางซ้อนต
ล้มลุก	ล้ม-ลุก		นเจ็บไข้ล้มลุกลงคลุกคลาน
เดียดฉันท์	เดียด-ฉัน		เคียดไม่เดียดฉันท์ท่านมิได้ท
นิคาลัย	นิ-คา-ไล		่กาลมรณานิคาลัย¦จึงปลุกไพ
ตะกาย	ตะ-กาย		เป็นม่ายตะกายดิน¦นี่แน่
การงาน	กาน-งาน		่าขานที่การงานข้อไรจะได้
เหมือนก่อน	เหมือน-ก่อน		นอุทุมพรเหมือนก่อนกาลพนักงาน
อ่าองค์	อ่า-อง		กษัตริย์อ่าองค์แล้วสรงชลท
เป็นห่วง	เป็น-ห่วง		นักหน่วงเป็นห่วงใยแม้นรีบไ
ง้องอน	ง้อ-งอน	sound mismatch @1 (ง้อง vs ง้อ);sound mismatch @2 (อน vs งอน)	นกูก็ไม่ง้องอนอย่าค่อนแค
มีธุระ	มี-ทุ-ระ		นกลางคืนมีธุระสิ่งใดอย่า
ก็ตามที	ก็-ตาม-ที		องท่านมีก็ตามทีแต่จะใช้ได
โลดเต้น	โลด-เต้น		านไหวออกโลดเต้นเข่นเขี้ยว
ปีกขวา	ปีก-ขวา		งปีกซ้ายปีกขวาสารพันขุนน
ด่าทอ	ด่า-ทอ		ิ่งโกรธาด่าทอคอเป็นเอ็น
รู้ที	รู้-ที		สนทวีไม่รู้ที่จะคิดอ่าน
ดูเถิด	ดู-เถิด		ันไปเจ้าดูเถิดแต่ปลามัจฉ
มธุรส	มะ-ทุ-รด		างจึ่งมีมธุรสพจมานก่อรำ
หัวเมือง	หัว-เมือง		ใหญ่หลายหัวเมือง¦มีขวดแก้ว
ทำเนียบ	ทำ-เนียบ		ปรียบชักทำเนียบเรื่องนิทา
ประชาราษฎร์	ประ-ชา-ราด		หล่าเสนาประชาราษฎร์ใครขัดขาดก
ตำหนักแพ	ตำ-หนัก-แพ		ท่าสำนักตำหนักแพ¦เดินกระบว
เบียดเบียน	เบียด-เบียน		จหาญทั้งเบียดเบียนเฆี่ยนฆ่าด
พระเวท	พระ-เวด		สาไสยเพทพระเวทมนตร์¦พระอ
คนตาย	คน-ตาย		องกลับมาคนตายลงหลายพัน¦
เจ้าเล่ห์	เจ้า-เล่		หลวงเฒ่าเจ้าเล่ห์ลงจากรถพร้
ทิ่มแทง	ทิ่ม-แทง		ดผันบ้างทิ่มแทงแพลงพลาดบ้
สมอ	สะ-หมอ		ู่ชายหาดสมอขาดปะกันบ้
น้ำชา	น้ำ-ชา		ัดบุหรี่น้ำชามาให้ฉันแล
เหตุการณ์	เหด-กาน		สืบกิจจาเหตุการณ์สถานใดครั้
หนำใจ	หนำ-ใจ		ูจะทำให้หนำใจท้าวโกสัยม
ขับไม้	ขับ-ไม้		วกสำหรับขับไม้มโหรีมาพร้
ขุมขน	ขุม-ขน		อชุ่มทุกขุมขนลมก็ซัดเรื
กระบอก	กระ-บอก		วงจิตออกกระบอกหูให้หาวนอ
รบศึก	รบ-สึก		รู้จะสู้รบศึกตลบซ้ายขวา
ปลดปลง	ปลด-ปลง		ายหมดไม่ปลดปลง¦ขุนนางรับ
ยอกย้อน	ยอก-ย้อน		ีมาแกล้งยอกย้อนคิดผ่อนผัน
นึกได้	นึก-ได้		บภพไกรก็นึกได้เรียกผัวขอ
ดังนี้	ดัง-นี้		รงสั่งมาดังนี้จะยกไปหลาย
กราบลา	กราบ-ลา		รลัยแล้วกราบลาพาสองพี่น้
ฝึกปรือ	ฝึก-ปรือ		บถือเร่งฝึกปรือเช่นกูสอนค
ต้อนรับ	ต้อน-รับ		าก็ปรีดาต้อนรับกองทัพพลัน
คทา	ทะ-ทา		นศิลาถือคทาธรแก้วแสงแ
สากล	สา-กน		นทร์ปิ่นสากลเธอยกพลมาย
แย้มสรวล	แย้ม-สวน		แก้มแล้วแย้มสรวลกระจกส่องล
ชุ่มชื่น	ชุ่ม-ชื่น		วันคืนพอชุ่มชื่นในอุราประส
มัวเมา	มัว-เมา		างตัวที่มัวเมา¦จะยกออกต่
พัวพัน	พัว-พัน		เองก็เคยพัวพันทั้งมันหวา
ขี้หึง	ขี้-หึง		ณมาลีเธอขี้หึงนั่นเขาจึง
นั่นแหละ	นั่น-แหละ		ยงไพร่พลนั่นแหละสมกับที่โง
ทำผิด	ทำ-ผิด		่อเดิมทีทำผิดด้วยคิดกลั
ห่างเห	ห่าง-เห		รมร้างไปห่างเหเห็นจะมาพร
กบิลพัสดุ์	กะ-บิน-พัด		กปากอ่าวกบิลพัสดุ์ระลอกซัดเร
เรือบด	เรือ-บด		ไขพลางลงเรือบดพลันด้วยทั
สีแดง	สี-แดง		กิดเหล็กสีแดงแสงตะวันใน
มโหฬาร	มะ-โห-ลาน	syllable count differs (ssg 2 vs w2p 3)	ุถึงศุโขมโหฬาร¦ป่างพระปิ
อำพน	อำ-พน		ริยนพื้นอำพนแจ่มฟ้าดาร
ประทับตรา	ประ-ทับ-ตรา		ล้วก็พับประทับตราอ่านคาถาให
กาสัก	กา-สัก		กพลในลังกาสักห้าวัน¦พอพ
ไต่สวน	ต่าย-สวน	sound mismatch @1 (ไต่ vs ต่าย)	ู้ใหญ่จะไต่สวนข้าพเจ้าที
ตาเหลือง	ตา-เหลือง		สิหวาให้ตาเหลืองคงสมคิดตอบ
ไพรสณฑ์	ไพร-สน		ุ่มไม้ในไพรสณฑ์มันเดินพูด
กระหมวด	กระ-หมวด		พฤฒาเฒ่ากระหมวดเกล้าเอนหล
บรรลุ	บัน-ลุ		ิบห้าวันบรรลุถึงรมจักรเ
เพื่อนยาก	เพื่อน-ยาก		ันดารพ่อเพื่อนยากจากไปมิได้
เป็นมิตร	เป็น-มิด		ตระกูลคบเป็นมิตรของเราเขาค
จู้จี้	จู้-จี้		พอดีทั้งจู้จี้เต็มเบื่อเ
หวาดหวั่น	หวด-หวั่น	sound mismatch @1 (หวาด vs หวด)	ิงกันให้หวาดหวั่นวิญญาณ์ระอ
เสียเปล่า	เสีย-เปล่า		จะเห็นใจเสียเปล่าเปล่าไม่เข
รีบเร่ง	รีบ-เร่ง		จหมายให้รีบเร่งพวกพหลพลนิ
ออกปาก	ออก-ปาก		แห่แลไสวออกปากน้ำนำพลสกล
ล้วนแต่	ล้วน-แต่		ส่จานทองล้วนแต่ของเอมโอชโ
วิเสท	วิ-เสด		นสบายพวกวิเสทจัดแจงแต่ง
ใจจะขาด	ใจ-จะ-ขาด		ามตามแต่ใจจะขาดในองค์ศีลไ
กริ่งใจ	กริ่ง-ใจ		จริงอย่ากริ่งใจบาทหลวงได้
พึมพำ	พึม-พำ		กันเสียงพึมพำตามทำนอง¦แ
ดูท่าทาง	ดู-ท่า-ทาง		ต่อบูรพาดูท่าทาง¦พวกล้าต้า
รูปงาม	รูบ-งาม		์กะจิริดรูปงามทรามสงสารบ
จวนค่ำ	จ-วน-ค่ำ		าว่าเวลาจวนค่ำย่ำระฆัง¦ฝ
คู่สร้าง	คู่-ส้าง		สว่างคือคู่สร้างพระธิดามาร
ทั่วกัน	ทั่ว-กัน		ี้ยงดาบสทั่วกันหมดพร้อมแต
นลาฏ	นะ-ลาด		บุตรีศรีนลาฏดังดวงจันท
บานพับ	บาน-พับ		อยสังวาลบานพับประดับเพชร
ประจักษ์แจ้ง	ประ-จัก-แจ้ง		ู่หนักคงประจักษ์แจ้งใจที่ไต่ถา
สะเทิ้น	สะ-เทิ้น		ห่างเหินสะเทิ้นใจสิ้นอาลั
อย่างนั้น	หย่าง-นั้น		ะอ้างเอาอย่างนั้นจึงให้ถามต
ทะเลาะ	ทะ-เลาะ		แพรเพลาะทะเลาะเถียงที่เก
หมองใจ	หมอง-ใจ		นข้องให้หมองใจก็ต้องไปสู
จังกา	จัง-กา		จหวังปืนจังกาหน้าท้ายรา
ปีกกา	ปีก-กา		งศรีป้อมปีกกาสารพันกันไ
สะเดาะ	สะ-เดาะ		งชาตาเสกสะเดาะเคราะห์ร้า
ออกรับ	ออก-รับ		ต่กองทัพออกรับรองให้ถูกต
วสุ	วะ-สุ		ักหนาแล้วสุมให้เป็นเถ
กระชั้นชิด	กระ-ชั้น-ชิด		ด้วยกริชกระชั้นชิดรบกันเสียง
เพลงยาว	เพลง-ยาว		กหลานอันเพลงยาวเล่ายังทำไ
ประกอบ	ประ-กอบ		นต์เวทมีประกอบได้สอบสวนแ
ปิดป้อง	ปิด-ป้อง		้าราญรอนปิดป้องคล่องด้วยก
พระรูป	พระ-รูบ		ิงขรไหว้พระรูปเทวฤทธิ์ปร
เยือกเย็น	เยือก-เย็น		พื้นสุธาเยือกเย็นเกิดเป็นฝน
ตกแต่ง	ตก-แต่ง		ัดจัดแจงตกแต่งหาฝ่ายท่าน
วัดวา	วัด-วา		ิหนำทั้งวัดวาป่นปี้ระยี
พาดพิง	พาด-พิง		งฆราชพูดพาดพิงท้าวโกสัยว
ผีเสื้อน้ำ	ผี-เสื้อ-น้ำ		้งตัวนางผีเสื้อน้ำซ้ำมาถึงทำ
เชื่อถือ	เชื่อ-ถือ		ารยาด้วยเชื่อถือมิได้แหนงร
กระฉอก	กระ-ฉอก		าสุธาไหวกระฉอกฉาดหาดเหวเ
นิคม	นิ-คม		ระทมเป็นนิคมคามเขตคุ้ม
มงคล	มง-คน		เหตุผลทำมงคลเสกด้ายสาย
บังคมทูล	บัง-คูม-ทน	sound mismatch @3 (ทูล vs ทน)	จึงประนมบังคมทูลพระบุตรีมี
คำเป็น	คำ-เป็น		ธิบายข้อคำเป็นตำรา¦เป็นแ
อิจฉา	อิด-ฉา		ุจริตไม่อิจฉาบำรุงเลี้ย
คลายใจ	คลาย-ใจ		่กายค่อยคลายใจพูดกันไปอย
ได้กลิ่น	ได้-กลิ่น		ถายาสะกดได้กลิ่นรสจิตหวิวใ
พัดพา	พัด-พา		ระพายพานพัดพาสุมาลัย¦กำ
สิ้นชาติ	สิ้น-ชาด		ณฬาราชก็สิ้นชาติเชื้ออังกฤ
ผูกจิต	ผูก-จิด		ม้นกังวลผูกจิตพิสมัยจะได
กล่อมเกลี้ยง	กล่อม-เกลี้ยง		ยสั่งสอนกล่อมเกลี้ยงเลี้ยงรักษ
น่าเอ็นดู	น่า-เอ็น-ดู		ร้อยเสมาน่าเอ็นดูเอาเศษผ้าม
รุกไล่	รุก-ไล่		าแม้นมันรุกไล่เอาไฟโยน¦ค
ซ้ำเติม	ซ้ำ-เติม		หน่ำทั้งซ้ำเติมเจ้าเมืองเ
ถามข่าว	ถาม-ข่าว		ดินตามมาถามข่าวในเรื่องรา
เป็นแถว	เป็น-แถว		ก้วเรียงเป็นแถวแต่งตั้งดั
สุดกำลัง	สุด-กำ-ลัง		สายสมุทรสุดกำลังโอ้ตัวเราเ
แต่งงาน	แต่ง-งาน		ภิรมยาจะแต่งงานการวิวาห์ใ
แก้เผ็ด	แก้-เผ็ด		้าเช็ดจะแก้เผ็ดไพรีไม่หนี
เกียกกาย	เกียก-กาย		นสองด้านเกียกกายรายพหลแล้ว
เสากระโดง	เสา-กระ-โดง		ักสายโยงเสากระโดงเภตราทาน้ำ
เจ้ากรรม	เจ้า-กำ		ของเขาอีเจ้ากรรม¦เพราะมึงล
ที่ปรึกษา	ที่-ปรึก-สา		กแจ้งคดีที่ปรึกษาใครจะเห็นอ
เชิงชั้น	เชิง-ชั้น		่กันเป็นเชิงชั้นช่องผาศิลา
เนินเขา	เนิน-เขา		าหากินบนเนินเขามันจึ่งเข้
กล้ำกลืน	กล้ำ-กลืน		อื้นค่อยกล้ำกลืนชลนาแล้วว่
คมขำ	คม-ขำ		นทองคำดูคมขำพริ้งพร้อม
ราคา	รา-คา		งหรือตัดราคาตัณหาขาดมึ
หายวับ	หยาว-บับ	sound mismatch @1 (หาย vs หยาว)	เดี๋ยวใจหายวับไปลับตัว¦บ
เบาความ	เบา-ความ		้เฒ่านี้เบาความไม่งุ่มง่า
ลองดู	ลอง-ดู		ล้องเป่าลองดูคนในลำกำปั
เกะกะ	เกะ-กะ		่าพักพูดเกะกะเที่ยวระรา
อึงมี่	อึง-มี่		ลาสีต่างอึงมี่เรียกกันเส
อังสา	อัง-สา		โลหิตอาบอังสาแทบอาสัญที
เว้นแต่	เว้น-แต่		าแน่นหนาเว้นแต่เหาะเหินได
นักปราชญ์	นัก-ปราด		ชะนางผู้นักปราชญ์กวาดบันได¦
ลูกค้า	ลูก-ค้า		ีไหนทั้งลูกค้ามาขายสบายใ
มะลิ	มะ-ลิ		สรมะลุลีมะลิวัลย์พันขจ
น่ากลัว	น่า-กลัว		ิ้นท่าดูน่ากลัวเดินไว้ตัว
คานหาม	คาน-หาม		าเฒ่าขี่คานหามออกตามไปทั
วาดรูป	วาด-รูบ		ระดาษที่วาดรูปมากอดจูบจิ
อัดแอ	อัด-แอ		อยดูแลมาอัดแอรถรัตน์อัส
โตมร	โต-มอน		ธเสโล่แลโตมรธนูศรดาบดั
ชั้นบน	ชั้น-บน		สวรรค์ในชั้นบนคิดผ่อนปรน
โอชา	โอ-ชา		รื่องขนมโอชาสารพันเสวย
เคล้าคลึง	เคล้า-คลึง		าเป็นคู่เคล้าคลึงคลอลออศรีน
ว่าแต่	ว่า-แต่		¦บาทหลวงว่าแต่เจ้าคุณยัง
ล้นพ้น	ล้น-พ้น		ไกลเหลือล้นพ้นประมาณหรือ
เหนื่อยยาก	เหนื่อย-ยาก		นเห็นที่เหนื่อยยากกรากกรำต้อ
เกรงขาม	เกรง-ขาม		วเองอย่าเกรงขามพยายามเอาใ
พุ่มไม้	พุ่ม-ไม้		ือนหนึ่งพุ่มไม้ไพรระหงพอบ
ยาใจ	ยา-ใจ		ลิวฟ้ามายาใจให้หนาวในท
ปิดประตู	ปิด-ประ-ตู		้องเวหนเปิดประตูรีบเดินดำเ
ชุมนุม	ชุม-นุม		นหกนายไปชุมนุมแอบสุมทุมภ
ลับหลัง	ลับ-หลัง		ย้อนทัพกลับหลังมันตั้งมั่
ฝ่ายขวา	ฝ่าย-ขวา		นตายข้างฝ่ายขวาใส่ประแจแม
ต่อกัน	ต่อ-กัน		านขุดบ่อต่อกันไป¦มากินอย
ดงดาน	ดง-ดาน		องค์เข้าดงดานชมห้วยธารเ
เดือดร้อน	เดือด-ร้อน		็นทุกขังเดือดร้อนควรผ่อนผัน
ละไม	ละ-ไม		อมละม่อมละไมเหล่าสุราง
ไตรลักษณ์	ไตร-ลัก		ึกถึงพระไตรลักษณ์หักประหารก
ตอบแทน	ตอบ-แทน		งคงสมคิดตอบแทนที่แค้นเคื
ลำบากใจ	ลำ-บาก-ใจ		ตมถอนยากลำบากใจ¦พวกเสนาดา
อเนก	อะ-เหนก		บสมทบทัพอเนกนับแสนยาโย
กิเลน	กิ-เลน		หมีเมียงกิเลนเรียงเดินร
มรรคา	มัน-คา		เสด็จตามมรรคาหน้าสิงขรห
อำนวยพร	อำ-นวย-พอน		องไปช่วยอำนวยพร¦พระทราบสิ
ตัดสิน	ตัด-สิน		าซ้ายขวาตัดสินความสิ่งใด
ละเม็ด	ละ-เม็ด		บเพชรแต่ละเม็ดแจ่มจัดจำร
กัณฐี	กัน-นี		เทพินนิลกัณฐีตรีพลำให้ร
ยายี	ยา-ยี		ากโรคามายายีไพร่ผู้ดีใ
อุดม	อุ-ดม		ปตาหวีมีอุดมที่จะให้ไป
จัญไร	จัน-ไร		นชั่วตัวจัญไรจะพาให้เสี
ก้อนหิน	ก้อน-หิน		ช่ที¦เอาก้อนหินศิลาลงมาขว
หม้อดิน	ม่อ-ดิน		ให้โยนไฟหม้อดินสิ้นทุกคน¦
สาธารณ์	สา-ทาน		ันดานให้สาธารณ์มิได้ตั้งอ
กิเลส	กิ-เหลด		ว่าดีกองกิเลสผูกพันนั่น
เป็นนิสัย	เป็น-นิ-ไส		ันก็เช่นเป็นนิสัยเปรียบเหมื
ถามไถ่	ถาม-ถ่าย	sound mismatch @2 (ไถ่ vs ถ่าย)	ทั้งนั้นถามไถ่ไปไหนมา¦พร
แต่งกาย	แต่ง-กาย		ห้จัดแจงแต่งกายาทาสุคนธ์เ
หูฟัง	หู-ฟัง		เงี่ยแต่หูฟังพหลให้หม่น
ฉะอ้อน	ฉะ-อ้อน		ยปรางทางฉะอ้อนอ่อนอินทรี
ป่านฉะนี้	ป่าน-ฉะ-นี้		ถวิลครวญป่านฉะนี้เนื้อเย็นจ
ลับตา	ลับ-ตา		นเทาเทาหลับตาแล้วว่าไปร
ยวนยี	ยวน-ยี		ดชวนเฝ้ายวนยีตาชาวที่ลุ
เคลือบแคลง	เคลือบ-แคลง		าแจ้งที่เคลือบแคลงให้กระจ่าง
จงฟัง	จง-งัฟ	sound mismatch @2 (ฟัง vs งัฟ)	ี่ทุกขังจงฟังสอนเพราะจำ
โว้เว้	โว้-เว้		เหม่อ้ายโว้เว้พูดมากถลาก
เดือนดับ	เดือน-ดับ		ได้ตัวจนเดือนดับลับเงาภูเข
ลึกล้ำ	ลึก-ล้ำ		ขัดสนที่ลึกล้ำสำหรับแก้อ
เข้าออก	เข้า-ออก		ือจำเพาะเข้าออกตามซอกผาเห
ขึ้นฝั่ง	ขึ้น-ฝั่ง		ั่งเสร็จขึ้นฝั่งเขาเขินเนิ
เลือกสรร	เลือก-สัน		เชือกให้เลือกสรรจัดล้าต้าต
มีลูก	มี-ลูก		ดูมันขันมีลูกแอบแนบชิดเ
ครั้งไร	ครั้ง-ไร		ูสอนสั่งครั้งไรใจของมันมา
หาว่า	หวา-ว่า		อยละห้อยหาว่าหลานเอ๋ยพี
แฉล้ม	ฉะ-แหล้ม	sound mismatch @1 (แฉ vs ฉะ)	ทรงชมโฉมแฉล้มแก้มคางสำอ
พ้นทุกข์	พ้น-ทุก		จะได้สุขพ้นทุกข์ภัย¦พระโยค
กระแจะ	กอน-แจะ	sound mismatch @1 (กระ vs กอน)	ยงรายขวดกระแจะจวงจันทน์ก
กรองทอง	กรอง-ทอง		ามว่าผ้ากรองทองผืนนั้นแม่
มองเมียง	มอง-เงียม	sound mismatch @2 (เมียง vs เงียม)	ะอองค่อยมองเมียง¦พระฟังคำท
คบหา	คบ-หา		ประจบไม่คบหาพระสั่งพวก
กระต่าย	กระ-ต่าย		าป่าระหงกระต่ายกระแตตุ่นอ
ระแวง	ระ-แวง		้นึกแหนงระแวงวนคงได้ผลไ
สะพัก	สะ-พัก		เหลือแสนสะพักองค์ทรงห่ม
ปลาบปลื้ม	ปลาบ-ปลื้ม		่นคงยิ่งปลาบปลื้มลืมภาวนานั
กระแอม	กอน-แอม	sound mismatch @1 (กระ vs กอน)	ึกแหลมไอกระแอมอุบอิบกระซ
สังเวย	สัง-เวย		้าศาลฉันสังเวย¦พวกที่ทำศ
เสียน้ำใจ	เสีย-น้ำ-ใจ		นอย่างไรเสียน้ำใจแทบชีวิตจะ
จนตาย	จน-ตาย		้างก็ล่มจนตายลงวายวางบ้
ชะรอย	ชะ-รอย		โกสัยมึงชะรอยปล่อยให้มา
แบ่งปัน	แบ่ง-ปัน		ะแสร้งมาแบ่งปัน¦กูก็เป็นฝ
สู้ทน	สู้-ทน		งอับจนจะสู้ทนยากแค้นแทน
มานะ	มา-นะ		งแข็งขืนมานะในอารมณ์คื
สะพาน	สะ-พาน		วงให้ทอดสะพานกระดานเรีย
ซังตาย	ซัง-ตาย		นเขินอายซังตายตอบตามระบอ
ทอดพระเนตร	ทอด-พระ-เนด		นนิเวศน์ทอดพระเนตรเขยขวัญนึก
โศกาลัย	โส-กา-ไล		ซบพักตราโศกาลัย¦ไม่ได้ข่า
ผ้าเช็ดหน้า	ผ้า-เช็ด-หน้า		กฝักลงยาผ้าเช็ดหน้าปักทองล้วน
แข็งใจ	แข็ง-ใจ		จงคิดขืนแข็งใจพระไว้บ้าง
ซ้อนซับ	ซ้อน-ซับ		ม่วงอ่อนซ้อนซับสลับขาวเป็
กรีดกราด	กรีด-กราด		หวาดร้องกรีดกราดวุ่นวายทั้
นิมนต์	นิ-มน		สิทธ์รับนิมนต์ขึ้นบนรถพร
หิวโหย	หิว-โหย		ยาปลิวคนหิวโหยกระทบกลิ่น
ยกโทษ	ยก-โทด		เคืองข้ายกโทษจงโปรดปราน
บทเรศ	บด-เรด		่ห่างบาทบทเรศพระเชษฐาต่
ใกล้เคียง	ไกล้-เคียง		ึ่งจะให้ใกล้เคียงแต่เพียงนั
น่าเบื่อ	น่า-เบื่อ		างว่าไฮ้น่าเบื่อเหลือรำคาญ
พลั้งพลาด	พลั้ง-พลาด		วังเผื่อพลั้งพลาดแต่งออกลาด
บ่ายคล้อย	บ่าย-คล้อย		เดือนชายบ่ายคล้อยยิ่งสร้อยเ
กรรชิง	กัน-ชิง		สิงห์กลดกรรชิงรายเรียงเค
ประเพณี	ประ-เพ-นี		่ยงอย่างประเพณีให้มีเสร็จ
โกรธเกรี้ยว	โกรด-เกรี้ยว		แกผุดลุกโกรธเกรี้ยวทั้งเฉียวฉ
กิตติศัพท์	กิด-ติ-สับ		ายรายฟังกิตติศัพท์แม้นตรวจทั
สักครั้ง	สัก-ครั้ง		ช่วยด้วยสักครั้งที่กังวลตี
ดูเบา	ดู-เบา		ัตรูอย่าดูเบาบุรีเราราษ
ม่อยหลับ	ม่อย-หลับ		าจนนิทราม่อยหลับระงับไป¦แล
ชายฝั่ง	ชาย-ฝั่ง		กะเข้าไปชายฝั่งได้รั้งรอต
วังหลวง	วัง-หลวง		รั่งเข้าวังหลวงตามกระทรวง
ช่างกระไร	ช่าง-กระ-ไร		ป่างก่อนช่างกระไรมิได้คิดช่
ค้นหา	ค้น-หา		คนเที่ยวค้นหาอย่าฆ่าตีช
ด้วยใจ	ด้วย-ใจ		าหามาให้ด้วยใจภักดิ์เพรา
มืดค่ำ	มืด-ค่ำ		าเสด็จมามืดค่ำทำอะไร¦นาง
ขยั้น	ขะ-ยั่น		่นหัวคิดขยั้นครั่นคร้าม
แวววาว	แวว-วาว		รแก้วแสงแวววาว¦พลางออกจา
ดวงแก้ว	ดวง-แก้ว		าลัยเห็นดวงแก้วแววสว่างอย
ตระเตรียม	ตระ-เตรียม		รับเสด็จตระเตรียมเสร็จตามหม
หายสูญ	หาย-สูน		่างไรจึงหายสูญมิได้ปะสุร
เจื้อยแจ้ว	เจื้อย-แจ้ว		าดแว่วจะเจื้อยแจ้วจำเรียงส่ง
ลิ้นลม	ลิ้น-ลม		าเอ๋ยถูกลิ้นลมพาลามันพาเ
ของคาว	ของ-คาว		ห้สมหวังของคาวหวานผัดยำท
มีครรภ์	มี-คัน		าน้องนี้มีครรภ์ให้หวั่นหว
ใกล้ชิด	ไกล้-ชิด		างให้ไม่ใกล้ชิดแล้วทรงฤทธ
ปุถุชน	ปุ-ถุ-ชน		ห้มนุษย์ปุถุชนอยู่ปะปนคล
ใช้การ	ใช้-การ		ึงได้ไว้ใช้การนรินทร์รัต
ที่ว่า	ที่-ว่า		รงปรึกษาที่ว่าวอนเป็นการ
หัวใจ	หัว-ใจ		ลงทับจับหัวใจ¦พอถูกตัวพ
ขึ้นอยู่	ขึ้น-อยู่		งห่มชมพูขึ้นอยู่ศาลถือธูปเ
เดินสาร	เดิน-สาร		ะมาณหรือเดินสารผู้ใดจึ่งไ
สิ้นชีวิต	สิ้น-ชี-วิด		มาขาดจิตสิ้นชีวิตสิ้นชาติวา
ขวางทาง	ขวาง-ทาง		ให้มีกีดขวางทางประจญ¦เครื
ดูถูก	ดู-ถูก		กันไพรินดูถูกนะลูกเอ๋ยแ
สิทธิ์ขาด	สิด-ขาด		วรนาถให้สิทธิ์ขาดครองวังเป็
หน้าต่าง	หน้า-ต่าง		ันประจัญหน้าต่างชักม้าร้อง
ทั่วไป	ทั่ว-ไป		็นน้ำขังทั่วไปทั้งไอศวรร
รายทาง	ราย-ทาง		กโรงร้านรายทางข้างถนนเร่
อยากได้	หยาก-ได้		าปรารมภ์อยากได้ชมนางงามตา
ความตาย	ความ-ตาย		จะพ้นที่ความตายวายชีวา¦พว
พี่สะใภ้	พี่-สะ-ไพ้		่เป็นที่พี่สะใภ้เราเป็นน้อ
ฉอด	ฉ-อด		เลาะพลอดฉอดเสียงสำเนี
ระทม	ระ-ทม		พรมตื่นประทมพร้อมพระวง
ใฝ่ฝัน	ไฝ่-ฝัน		ระทัยดังใฝ่ฝันแต่ความอาย
สะทึก	สะ-ทึก		้สึกทรวงสะทึกถอนพระทัยอ
ปกปิด	ปก-ปิด		ีครันแต่ปกปิดว่ามิให้ผู
หลานชาย	หลาน-ชาย		มาลงเรือหลานชายนางโฉมฉายเ
กันที่	กัน-ที่		คราวคราวกันที่ในมไหสูรย์
กวนใจ	กวน-ใจ		สำนวนพูดกวนใจครั้นจะให้
คุ้นเคย	คุ้น-เคย		ถึงบุญขอคุ้นเคย¦พระอภัยมุ
เจนจบ	เจน-จบ		่เขนล้วนเจนจบทั้งหน้าหล
ปืนไฟ	ปืน-ไฟ		ครื้นยิงปืนไฟทหารหน้ากล
สวนแทง	สวน-แทง		ำทวนเข้าสวนแทงสินสมุทรชำ
คลุ้มคลั่ง	คลุ้ม-คลั่ง		ปราโมทย์คลุ้มคลั่งกำลังหลงเพ
ช้ำใจ	ช้ำ-ใจ		่มันทำกูช้ำใจ¦เอารถรัตน
พาโล	พา-โล		งไห้โฮโฮพาโลตาย¦พระโยค
ดาวบส	ดาว-บด		ปเฝ้าพระดาวบสให้ทรงยศทำ
เชือนแช	เชือน-แช		ดเบือนทำเชือนแช¦แล้วมารดา
จากไป	จาก-ไป		พื่อนยากจากไปมิได้กลับอ
คำรน	คำ-รน		ร้องก้องคำรนฝนก็ดกพวกบ
ทั้งตัว	ทั้ง-ตัว		วาดไหวไปทั้งตัวหนังหัวพอง
กลาดเกลื่อน	กลาด-เกลื่อน		ุบาทวิ่งกลาดเกลื่อนในแถวเถื่อ
ผ้าผ่อน	ผ้า-ผ่อน		ร้อนทั้งผ้าผ่อนไม่ต้องการ
สังวาส	สัง-วาด		เสนาะดังสังวาสเสียงหวาดแ
โปรดสัตว์	โปรด-สัด		รามาหมายโปรดสัตว์กำจัดภัยด้
ซวนเซ	ซวน-เซ		เล่ห์เราซวนเซเสียเชิงละ
ขึ้นเสียง	ขึ้น-เสียง		นสุหรั่งขึ้นเสียงดังเดือดด่
หมายใจ	หมาย-ใจ		อทรชนมันหมายใจว่าได้เขยเ
ปั้นเหน่ง	ปั้น-เหน่ง		ย่งมังกรปั้นเหน่งซ้อนคาดทับ
วังหน้า	วัง-หน้า		วงหลังระวังหน้าหนักหนานัก
ทดแทน	ทด-แทน		าให้พฤฒาทดแทนคุณสนองตาพ
ท้าวพระยา	ท้าว-พระ-ยา		ราะมิใช่ท้าวพระยาที่อาสัญจะ
ลูกศิษย์	ลูก-สิด		ับเอามือลูกศิษย์คิดจะจรหนี
อำไพ	อำ-ไพ		ขียวขำดูอำไพมาพร้อมไว้
แผ่นดินไหว	แผ่น-ดิน-ไหว		ื้นธรณินแผ่นดินไหวในถ้ำธารละ
เอิกเกริก	เอิก-กะ-เหริก	syllable count differs (ssg 2 vs w2p 3)	บิกเสียงเอิกเกริกเตรียมพหลพ
ประจาน	ประ-จาน		ยนฆ่าด่าประจานทรมานพวกเร
ชะตา	ชะ-ตา		ักดาทั้งชะตาผู้บำรุงก็
จ้วงจาบ	จ้วง-จาบ		กระบอนทำจ้วงจาบหยาบช้าสาร
ใส่ยา	ไส่-ยา		รองมันจะใส่ยาเบื่อข้างเ
โกหก	โก-หก		เลงสกปรกโกหกกูพูดสบถสา
คนซื่อ	คน-ซื่อ		องเราเขาคนซื่อทั้งฝีมือค
โกญจา	โกน-จา		วสำเนียงโกญจาเรียงจับวั
ตะเกียง	ตะ-เกียง		งล่างวางตะเกียง¦ประสมดินป
รบราฆ่าฟัน	รบ-รา-ค่า-ฟัน		นคงคามันรบราฆ่าฟันกันบรรลัยแ
ยังอีก	ยัง-อีก		รืองจริงยังอีกสิ่งจะได้ข
สิ้นทุกข์	สิ้น-ทุก		ายาผาสุกสิ้นทุกข์ร้อนค่อยหล
ยืนยง	ยืน-ยง		็นจะตั้งยืนยงคงอยู่นานม
คิดผิด	คิด-ผิด		อพลางทางคิดผิดประหลาดหรื
จังหรีด	จัง-หรีด		ะสานถวายจังหรีดร้องกิ่งไท
สดใส	สด-ใส		ื่นรสหอมสดใสพระพายหวนห
โชติช่วง	โชด-ช่วง	sound mismatch @1 (โชติ vs โชด)	เปล่งแสงโชติช่วงดั่งดวงโคม
มีท้อง	มี-ท้อง		าหญิงฉวยมีท้องต้องอายเขา
ปกครอง	ปก-ครอง		่อจงช่วยปกครองให้ผ่องใสจ
สาธุสะ	สา-ทุ-สะ		ธอไขความสาธุสะพระฤๅษีเธอ
เผ่าพันธุ์	เผ่า-พัน		ผ่าเหล่าเผ่าพันธุ์อีวัณฬาคบข
หนุนหลัง	หนุน-หลัง		ลมุนช่วยหนุนหลังให้โยธีตีร
โคตรเพชร	โคด-เพ็ด	sound mismatch @2 (เพชร vs เพ็ด)	ังโคกที่โคตรเพชรชมแก้วเก็จ
ผู้กำกับ	พู่-กำ-กับ		าแก่เสนาผู้กำกับได้กราบทูล
เกาเหลา	เกา-เหลา		กไหหลำทำเกาเหลานางสาวสาวส
จารี	จา-รี		ออุ่นบุญจารีของพี่เอ๋ย
ดารากร	ดา-รา-กอน		สงสุริยาดารากรศศิธรแจ่มก
กระเชียง	กะ-เชียง		งมิจฉาตีกระเชียงเร่งให้กัน
รังสี	รัง-สี		วนจะรุ่งรังสีรวีวารพระต
รุ่งสาง	รุ่ง-สาง		ลรีบไปจนรุ่งสางสว่างตา¦แต
ลูกดิน	ลูก-ดิน		ืนผาทั้งลูกดินน้อยใหญ่รี
พระเยซู	พระ-เย-ซู		มาขอองค์พระเยซูมาชูช่วยให
จันทร	จัน-ทอน		นอาทิตย์จันทร์มิได้เห็น
กัมพล	กัม-พน		จอมภูวดลกัมพลรัตน์จอมกษ
